{
  "type": "FeatureCollection",
  "features": [
    {
      "type": "Feature",
      "properties": {
        "id": 0,
        "area": 0.38318742111237714
      },
      "geometry": {
        "type": "Polygon",
        "coordinates": [
          [
            [
              28.88981,
              40.98262
            ],
            [
              28.8898,
              40.98195
            ],
            [
              28.89092,
              40.97988
            ],
            [
              28.89093,
              40.9779
            ],
            [
              28.8906,
              40.97797
            ],
            [
              28.89067,
              40.97992
            ],
            [
              28.88931,
              40.97972
            ],
            [
              28.88551,
              40.97716
            ],
            [
              28.88322,
              40.97676
            ],
            [
              28.87795,
              40.9737
            ],
            [
              28.87803,
              40.9745
            ],
            [
              28.87682,
              40.97421
            ],
            [
              28.87689,
              40.97347
            ],
            [
              28.87842,
              40.97328
            ],
            [
              28.87796,
              40.97275
            ],
            [
              28.87849,
              40.97235
            ],
            [
              28.8775,
              40.9716
            ],
            [
              28.87625,
              40.97257
            ],
            [
              28.87304,
              40.97017
            ],
            [
              28.87438,
              40.96918
            ],
            [
              28.87522,
              40.96911
            ],
            [
              28.87968,
              40.97239
            ],
            [
              28.87511,
              40.96877
            ],
            [
              28.87415,
              40.9689
            ],
            [
              28.87276,
              40.97007
            ],
            [
              28.86932,
              40.97094
            ],
            [
              28.86818,
              40.97177
            ],
            [
              28.8684,
              40.97283
            ],
            [
              28.8658,
              40.97372
            ],
            [
              28.85974,
              40.97426
            ],
            [
              28.85879,
              40.97368
            ],
            [
              28.85806,
              40.97415
            ],
            [
              28.85348,
              40.97456
            ],
            [
              28.85069,
              40.97388
            ],
            [
              28.84932,
              40.9729
            ],
            [
              28.84927,
              40.97213
            ],
            [
              28.85193,
              40.9701
            ],
            [
              28.8491,
              40.97197
            ],
            [
              28.85141,
              40.96955
            ],
            [
              28.84875,
              40.97162
            ],
            [
              28.84673,
              40.9707
            ],
            [
              28.84521,
              40.96875
            ],
            [
              28.84507,
              40.9678
            ],
            [
              28.84576,
              40.96683
            ],
            [
              28.84625,
              40.96686
            ],
            [
              28.84471,
              40.96597
            ],
            [
              28.84323,
              40.96296
            ],
            [
              28.83933,
              40.95833
            ],
            [
              28.83887,
              40.95703
            ],
            [
              28.83774,
              40.95668
            ],
            [
              28.83821,
              40.95697
            ],
            [
              28.83798,
              40.95753
            ],
            [
              28.83568,
              40.95761
            ],
            [
              28.8348,
              40.95683
            ],
            [
              28.83569,
              40.95615
            ],
            [
              28.83459,
              40.95671
            ],
            [
              28.83001,
              40.95467
            ],
            [
              28.82904,
              40.95487
            ],
            [
              28.82976,
              40.95533
            ],
            [
              28.8288,
              40.95601
            ],
            [
              28.82776,
              40.95585
            ],
            [
              28.82795,
              40.95526
            ],
            [
              28.82619,
              40.95579
            ],
            [
              28.82691,
              40.95575
            ],
            [
              28.82717,
              40.9564
            ],
            [
              28.82553,
              40.95718
            ],
            [
              28.82432,
              40.95687
            ],
            [
              28.82456,
              40.95597
            ],
            [
              28.82393,
              40.95724
            ],
            [
              28.82266,
              40.95698
            ],
            [
              28.82215,
              40.95524
            ],
            [
              28.82364,
              40.95477
            ],
            [
              28.82533,
              40.95524
            ],
            [
              28.82358,
              40.95452
            ],
            [
              28.81867,
              40.95531
            ],
            [
              28.81606,
              40.95498
            ],
            [
              28.81558,
              40.9551
            ],
            [
              28.81585,
              40.95565
            ],
            [
              28.81528,
              40.956
            ],
            [
              28.81435,
              40.95586
            ],
            [
              28.81419,
              40.95537
            ],
            [
              28.8126,
              40.95581
            ],
            [
              28.81322,
              40.95592
            ],
            [
              28.81321,
              40.95648
            ],
            [
              28.8118,
              40.95706
            ],
            [
              28.81039,
              40.95673
            ],
            [
              28.8107,
              40.956
            ],
            [
              28.80922,
              40.95683
            ],
            [
              28.80906,
              40.95842
            ],
            [
              28.80521,
              40.96129
            ],
            [
              28.79862,
              40.96377
            ],
            [
              28.79391,
              40.968
            ],
            [
              28.78618,
              40.97188
            ],
            [
              28.77627,
              40.97605
            ],
            [
              28.77513,
              40.97692
            ],
            [
              28.77519,
              40.97736
            ],
            [
              28.77389,
              40.97825
            ],
            [
              28.77285,
              40.98054
            ],
            [
              28.77567,
              40.98199
            ],
            [
              28.77522,
              40.98385
            ],
            [
              28.77294,
              40.98614
            ],
            [
              28.77178,
              40.98919
            ],
            [
              28.77016,
              40.98981
            ],
            [
              28.77003,
              40.98893
            ],
            [
              28.7714,
              40.98856
            ],
            [
              28.77002,
              40.98859
            ],
            [
              28.77001,
              40.98812
            ],
            [
              28.7719,
              40.98796
            ],
            [
              28.77281,
              40.98567
            ],
            [
              28.77462,
              40.98399
            ],
            [
              28.77535,
              40.98242
            ],
            [
              28.77416,
              40.98174
            ],
            [
              28.77032,
              40.98149
            ],
            [
              28.76956,
              40.98199
            ],
            [
              28.76936,
              40.98186
            ],
            [
              28.7708,
              40.98095
            ],
            [
              28.77195,
              40.98081
            ],
            [
              28.77196,
              40.98127
            ],
            [
              28.77242,
              40.98127
            ],
            [
              28.77204,
              40.98079
            ],
            [
              28.77274,
              40.97898
            ],
            [
              28.77494,
              40.97745
            ],
            [
              28.77477,
              40.97704
            ],
            [
              28.77274,
              40.97776
            ],
            [
              28.77287,
              40.9784
            ],
            [
              28.76829,
              40.97993
            ],
            [
              28.76708,
              40.98206
            ],
            [
              28.76764,
              40.98269
            ],
            [
              28.76855,
              40.98215
            ],
            [
              28.76937,
              40.98197
            ],
            [
              28.76727,
              40.98297
            ],
            [
              28.76758,
              40.98464
            ],
            [
              28.76693,
              40.98355
            ],
            [
              28.76626,
              40.98347
            ],
            [
              28.76679,
              40.9831
            ],
            [
              28.76658,
              40.98163
            ],
            [
              28.7641,
              40.98154
            ],
            [
              28.76287,
              40.98023
            ],
            [
              28.75977,
              40.98077
            ],
            [
              28.75737,
              40.98011
            ],
            [
              28.75246,
              40.97973
            ],
            [
              28.74924,
              40.97656
            ],
            [
              28.74445,
              40.97472
            ],
            [
              28.74455,
              40.97413
            ],
            [
              28.74389,
              40.97401
            ],
            [
              28.74302,
              40.97184
            ],
            [
              28.74118,
              40.97025
            ],
            [
              28.73873,
              40.9707
            ],
            [
              28.73803,
              40.96985
            ],
            [
              28.73633,
              40.97123
            ],
            [
              28.7353,
              40.97144
            ],
            [
              28.72824,
              40.97156
            ],
            [
              28.72566,
              40.97111
            ],
            [
              28.72466,
              40.9705
            ],
            [
              28.72564,
              40.96951
            ],
            [
              28.72504,
              40.96894
            ],
            [
              28.71983,
              40.96931
            ],
            [
              28.71909,
              40.96958
            ],
            [
              28.7195,
              40.9707
            ],
            [
              28.71844,
              40.97095
            ],
            [
              28.71783,
              40.97055
            ],
            [
              28.71729,
              40.97123
            ],
            [
              28.7167,
              40.97059
            ],
            [
              28.71689,
              40.97135
            ],
            [
              28.71542,
              40.97185
            ],
            [
              28.7147,
              40.97147
            ],
            [
              28.71497,
              40.97059
            ],
            [
              28.71695,
              40.97008
            ],
            [
              28.71799,
              40.96931
            ],
            [
              28.71463,
              40.97044
            ],
            [
              28.71399,
              40.9711
            ],
            [
              28.71384,
              40.97221
            ],
            [
              28.71217,
              40.97269
            ],
            [
              28.7098,
              40.97238
            ],
            [
              28.70249,
              40.97366
            ],
            [
              28.69954,
              40.97374
            ],
            [
              28.69949,
              40.97299
            ],
            [
              28.69948,
              40.97352
            ],
            [
              28.69727,
              40.97339
            ],
            [
              28.69525,
              40.97246
            ],
            [
              28.69523,
              40.9709
            ],
            [
              28.69503,
              40.97228
            ],
            [
              28.69179,
              40.97224
            ],
            [
              28.69019,
              40.97173
            ],
            [
              28.68941,
              40.97077
            ],
            [
              28.68702,
              40.97016
            ],
            [
              28.68685,
              40.96858
            ],
            [
              28.68475,
              40.96876
            ],
            [
              28.68509,
              40.96452
            ],
            [
              28.68463,
              40.96433
            ],
            [
              28.68455,
              40.96285
            ],
            [
              28.68413,
              40.96282
            ],
            [
              28.68374,
              40.96681
            ],
            [
              28.68192,
              40.96672
            ],
            [
              28.68233,
              40.96296
            ],
            [
              28.68192,
              40.96293
            ],
            [
              28.6815,
              40.96659
            ],
            [
              28.68,
              40.96649
            ],
            [
              28.6803,
              40.96335
            ],
            [
              28.67988,
              40.96331
            ],
            [
              28.67955,
              40.96662
            ],
            [
              28.67908,
              40.96659
            ],
            [
              28.67897,
              40.96772
            ],
            [
              28.67858,
              40.9679
            ],
            [
              28.67794,
              40.96769
            ],
            [
              28.67841,
              40.9628
            ],
            [
              28.67811,
              40.96276
            ],
            [
              28.67781,
              40.96591
            ],
            [
              28.67614,
              40.96595
            ],
            [
              28.67661,
              40.96131
            ],
            [
              28.67625,
              40.96131
            ],
            [
              28.67588,
              40.96483
            ],
            [
              28.67437,
              40.96454
            ],
            [
              28.67458,
              40.9614
            ],
            [
              28.67264,
              40.96133
            ],
            [
              28.67239,
              40.96401
            ],
            [
              28.67083,
              40.96379
            ],
            [
              28.67088,
              40.96128
            ],
            [
              28.67055,
              40.96366
            ],
            [
              28.66905,
              40.96321
            ],
            [
              28.66917,
              40.95956
            ],
            [
              28.67269,
              40.95781
            ],
            [
              28.67188,
              40.95716
            ],
            [
              28.6669,
              40.9579
            ],
            [
              28.6668,
              40.96078
            ],
            [
              28.66331,
              40.96085
            ],
            [
              28.65758,
              40.96181
            ],
            [
              28.66352,
              40.96103
            ],
            [
              28.6648,
              40.96121
            ],
            [
              28.66488,
              40.96266
            ],
            [
              28.65967,
              40.96308
            ],
            [
              28.65798,
              40.96363
            ],
            [
              28.65554,
              40.96291
            ],
            [
              28.65571,
              40.96343
            ],
            [
              28.65536,
              40.96356
            ],
            [
              28.65407,
              40.96308
            ],
            [
              28.65632,
              40.96104
            ],
            [
              28.65768,
              40.96091
            ],
            [
              28.65754,
              40.96057
            ],
            [
              28.65625,
              40.9608
            ],
            [
              28.6543,
              40.96271
            ],
            [
              28.65214,
              40.96281
            ],
            [
              28.63861,
              40.96235
            ],
            [
              28.63092,
              40.96134
            ],
            [
              28.62551,
              40.96168
            ],
            [
              28.62244,
              40.96069
            ],
            [
              28.62075,
              40.96072
            ],
            [
              28.61687,
              40.96195
            ],
            [
              28.61547,
              40.96182
            ],
            [
              28.60909,
              40.96394
            ],
            [
              28.60646,
              40.96533
            ],
            [
              28.60493,
              40.96506
            ],
            [
              28.60374,
              40.96426
            ],
            [
              28.60192,
              40.96415
            ],
            [
              28.60228,
              40.96477
            ],
            [
              28.6007,
              40.96549
            ],
            [
              28.6002,
              40.9652
            ],
            [
              28.60049,
              40.96557
            ],
            [
              28.5997,
              40.96593
            ],
            [
              28.59922,
              40.96561
            ],
            [
              28.5995,
              40.96602
            ],
            [
              28.59882,
              40.96633
            ],
            [
              28.59833,
              40.96601
            ],
            [
              28.59865,
              40.96642
            ],
            [
              28.59815,
              40.96662
            ],
            [
              28.59725,
              40.96551
            ],
            [
              28.60031,
              40.96411
            ],
            [
              28.59712,
              40.96535
            ],
            [
              28.59638,
              40.96421
            ],
            [
              28.60043,
              40.96239
            ],
            [
              28.602,
              40.96316
            ],
            [
              28.60141,
              40.96223
            ],
            [
              28.60026,
              40.96207
            ],
            [
              28.59595,
              40.96416
            ],
            [
              28.59823,
              40.96775
            ],
            [
              28.5973,
              40.96879
            ],
            [
              28.5974,
              40.96973
            ],
            [
              28.59779,
              40.96963
            ],
            [
              28.59757,
              40.96871
            ],
            [
              28.59865,
              40.96786
            ],
            [
              28.59914,
              40.96883
            ],
            [
              28.59772,
              40.97131
            ],
            [
              28.59574,
              40.97225
            ],
            [
              28.59485,
              40.97378
            ],
            [
              28.59582,
              40.9761
            ],
            [
              28.59905,
              40.98066
            ],
            [
              28.59618,
              40.9884
            ],
            [
              28.59707,
              40.99195
            ],
            [
              28.59675,
              40.99907
            ],
            [
              28.59755,
              41.00378
            ],
            [
              28.59986,
              41.00844
            ],
            [
              28.59896,
              41.0104
            ],
            [
              28.59627,
              41.01349
            ],
            [
              28.59428,
              41.01417
            ],
            [
              28.59361,
              41.01501
            ],
            [
              28.58781,
              41.01692
            ],
            [
              28.57778,
              41.01798
            ],
            [
              28.57756,
              41.0168
            ],
            [
              28.57764,
              41.01804
            ],
            [
              28.57483,
              41.01831
            ],
            [
              28.57498,
              41.0167
            ],
            [
              28.5789,
              41.01582
            ],
            [
              28.57852,
              41.01574
            ],
            [
              28.57448,
              41.01654
            ],
            [
              28.57396,
              41.01781
            ],
            [
              28.57279,
              41.01786
            ],
            [
              28.57268,
              41.01831
            ],
            [
              28.56952,
              41.01832
            ],
            [
              28.5671,
              41.01806
            ],
            [
              28.56607,
              41.01741
            ],
            [
              28.56513,
              41.01656
            ],
            [
              28.56557,
              41.01626
            ],
            [
              28.56545,
              41.01547
            ],
            [
              28.56545,
              41.01621
            ],
            [
              28.56425,
              41.0169
            ],
            [
              28.56317,
              41.0165
            ],
            [
              28.56325,
              41.01544
            ],
            [
              28.56427,
              41.01537
            ],
            [
              28.56311,
              41.01532
            ],
            [
              28.56292,
              41.01372
            ],
            [
              28.56458,
              41.01366
            ],
            [
              28.56611,
              41.01529
            ],
            [
              28.56617,
              41.01482
            ],
            [
              28.56438,
              41.01344
            ],
            [
              28.56239,
              41.01339
            ],
            [
              28.5607,
              41.01266
            ],
            [
              28.55842,
              41.01137
            ],
            [
              28.55714,
              41.00996
            ],
            [
              28.55364,
              41.00896
            ],
            [
              28.55199,
              41.00718
            ],
            [
              28.55172,
              41.00452
            ],
            [
              28.55111,
              41.0034
            ],
            [
              28.54699,
              40.99949
            ],
            [
              28.54741,
              40.99868
            ],
            [
              28.54604,
              40.99606
            ],
            [
              28.54469,
              40.9916
            ],
            [
              28.54442,
              40.98883
            ],
            [
              28.54384,
              40.98827
            ],
            [
              28.54417,
              40.98609
            ],
            [
              28.54149,
              40.9845
            ],
            [
              28.53765,
              40.9877
            ],
            [
              28.53376,
              40.98948
            ],
            [
              28.51745,
              40.99675
            ],
            [
              28.51442,
              40.99756
            ],
            [
              28.51195,
              40.9971
            ],
            [
              28.51109,
              40.99751
            ],
            [
              28.51299,
              40.9977
            ],
            [
              28.51178,
              40.99837
            ],
            [
              28.51003,
              40.99805
            ],
            [
              28.5104,
              40.99854
            ],
            [
              28.50904,
              41.00054
            ],
            [
              28.50858,
              41.00029
            ],
            [
              28.50915,
              40.99956
            ],
            [
              28.50843,
              41.00031
            ],
            [
              28.50803,
              41.00008
            ],
            [
              28.50912,
              40.9986
            ],
            [
              28.50794,
              41.00002
            ],
            [
              28.50756,
              40.99978
            ],
            [
              28.50857,
              40.99824
            ],
            [
              28.51038,
              40.99709
            ],
            [
              28.5101,
              40.99694
            ],
            [
              28.50836,
              40.99815
            ],
            [
              28.50749,
              40.99933
            ],
            [
              28.50739,
              40.99984
            ],
            [
              28.50764,
              41.0002
            ],
            [
              28.50915,
              41.00091
            ],
            [
              28.50842,
              41.00213
            ],
            [
              28.50674,
              41.00266
            ],
            [
              28.50709,
              41.00317
            ],
            [
              28.494,
              41.00886
            ],
            [
              28.48526,
              41.0118
            ],
            [
              28.48426,
              41.01258
            ],
            [
              28.48257,
              41.01299
            ],
            [
              28.48258,
              41.0135
            ],
            [
              28.48157,
              41.01351
            ],
            [
              28.4821,
              41.01454
            ],
            [
              28.48027,
              41.01623
            ],
            [
              28.47539,
              41.01825
            ],
            [
              28.47514,
              41.01945
            ],
            [
              28.47442,
              41.02019
            ],
            [
              28.46939,
              41.02301
            ],
            [
              28.45059,
              41.03101
            ],
            [
              28.42924,
              41.03861
            ],
            [
              28.41323,
              41.04355
            ],
            [
              28.39738,
              41.04785
            ],
            [
              28.39367,
              41.04866
            ],
            [
              28.39099,
              41.04809
            ],
            [
              28.38893,
              41.04923
            ],
            [
              28.38286,
              41.05085
            ],
            [
              28.37205,
              41.05303
            ],
            [
              28.36901,
              41.05332
            ],
            [
              28.36833,
              41.0532
            ],
            [
              28.36797,
              41.05218
            ],
            [
              28.36525,
              41.05195
            ],
            [
              28.36526,
              41.05247
            ],
            [
              28.36153,
              41.05264
            ],
            [
              28.35985,
              41.0533
            ],
            [
              28.35986,
              41.05382
            ],
            [
              28.35443,
              41.05375
            ],
            [
              28.35241,
              41.05416
            ],
            [
              28.35259,
              41.05493
            ],
            [
              28.35177,
              41.05622
            ],
            [
              28.34792,
              41.0566
            ],
            [
              28.34776,
              41.05719
            ],
            [
              28.34062,
              41.05828
            ],
            [
              28.33892,
              41.0583
            ],
            [
              28.33653,
              41.05704
            ],
            [
              28.33482,
              41.0568
            ],
            [
              28.32366,
              41.05796
            ],
            [
              28.32059,
              41.05748
            ],
            [
              28.31313,
              41.05757
            ],
            [
              28.3118,
              41.05861
            ],
            [
              28.3064,
              41.05995
            ],
            [
              28.28374,
              41.06329
            ],
            [
              28.27866,
              41.0636
            ],
            [
              28.27728,
              41.06285
            ],
            [
              28.26508,
              41.06324
            ],
            [
              28.25998,
              41.06252
            ],
            [
              28.25797,
              41.06383
            ],
            [
              28.25561,
              41.0645
            ],
            [
              28.25562,
              41.06501
            ],
            [
              28.25426,
              41.06502
            ],
            [
              28.25427,
              41.06554
            ],
            [
              28.25259,
              41.06607
            ],
            [
              28.25226,
              41.06684
            ],
            [
              28.25025,
              41.06789
            ],
            [
              28.25026,
              41.06841
            ],
            [
              28.24437,
              41.06963
            ],
            [
              28.24125,
              41.0713
            ],
            [
              28.24022,
              41.07082
            ],
            [
              28.24039,
              41.07011
            ],
            [
              28.23875,
              41.07229
            ],
            [
              28.24024,
              41.0709
            ],
            [
              28.24137,
              41.07149
            ],
            [
              28.24237,
              41.07109
            ],
            [
              28.24298,
              41.0725
            ],
            [
              28.24063,
              41.07211
            ],
            [
              28.24296,
              41.07256
            ],
            [
              28.24263,
              41.07405
            ],
            [
              28.24198,
              41.07426
            ],
            [
              28.23994,
              41.07349
            ],
            [
              28.24241,
              41.07483
            ],
            [
              28.23621,
              41.07745
            ],
            [
              28.22493,
              41.07784
            ],
            [
              28.21981,
              41.07716
            ],
            [
              28.21422,
              41.07273
            ],
            [
              28.21379,
              41.07125
            ],
            [
              28.21098,
              41.07037
            ],
            [
              28.20639,
              41.0704
            ],
            [
              28.19944,
              41.0719
            ],
            [
              28.18488,
              41.07333
            ],
            [
              28.17595,
              41.0734
            ],
            [
              28.16443,
              41.07244
            ],
            [
              28.15746,
              41.07084
            ],
            [
              28.15578,
              41.06963
            ],
            [
              28.15205,
              41.07011
            ],
            [
              28.14297,
              41.06903
            ],
            [
              28.13798,
              41.06743
            ],
            [
              28.13063,
              41.06608
            ],
            [
              28.12553,
              41.06354
            ],
            [
              28.12436,
              41.0613
            ],
            [
              28.12282,
              41.06018
            ],
            [
              28.12285,
              41.05965
            ],
            [
              28.11727,
              41.06143
            ],
            [
              28.11377,
              41.06121
            ],
            [
              28.09269,
              41.05833
            ],
            [
              28.08795,
              41.05837
            ],
            [
              28.07367,
              41.05645
            ],
            [
              28.0692,
              41.05518
            ],
            [
              28.06462,
              41.05315
            ],
            [
              28.05412,
              41.047
            ],
            [
              28.0526,
              41.04671
            ],
            [
              28.045,
              41.04274
            ],
            [
              28.0379,
              41.04108
            ],
            [
              28.03749,
              41.04164
            ],
            [
              28.03535,
              41.04135
            ],
            [
              28.03283,
              41.04167
            ],
            [
              28.03056,
              41.04118
            ],
            [
              28.02452,
              41.03923
            ],
            [
              28.01695,
              41.0352
            ],
            [
              28.01343,
              41.03425
            ],
            [
              28.01335,
              41.03525
            ],
            [
              28.00758,
              41.03206
            ],
            [
              28.00572,
              41.0335
            ],
            [
              28.00635,
              41.03695
            ],
            [
              28.00486,
              41.04013
            ],
            [
              27.99616,
              41.0391
            ],
            [
              27.99531,
              41.03811
            ],
            [
              27.99489,
              41.03824
            ],
            [
              27.99432,
              41.04115
            ],
            [
              27.9923,
              41.04284
            ],
            [
              27.98594,
              41.044
            ],
            [
              27.98444,
              41.04321
            ],
            [
              27.98164,
              41.04013
            ],
            [
              27.9804,
              41.04366
            ],
            [
              27.97657,
              41.04387
            ],
            [
              27.97689,
              41.04209
            ],
            [
              27.97425,
              41.04259
            ],
            [
              27.97432,
              41.04339
            ],
            [
              27.97739,
              41.04841
            ],
            [
              27.97903,
              41.04922
            ],
            [
              27.97806,
              41.05132
            ],
            [
              27.97857,
              41.05228
            ],
            [
              27.97716,
              41.0522
            ],
            [
              27.97821,
              41.05767
            ],
            [
              27.97878,
              41.0576
            ],
            [
              27.97875,
              41.05823
            ],
            [
              27.97712,
              41.06093
            ],
            [
              27.97731,
              41.06291
            ],
            [
              27.97535,
              41.06561
            ],
            [
              27.97575,
              41.06614
            ],
            [
              27.98018,
              41.06778
            ],
            [
              27.98399,
              41.07165
            ],
            [
              27.98179,
              41.07162
            ],
            [
              27.98108,
              41.07225
            ],
            [
              27.98213,
              41.07497
            ],
            [
              27.98126,
              41.07585
            ],
            [
              27.97534,
              41.0753
            ],
            [
              27.97448,
              41.07804
            ],
            [
              27.97503,
              41.08012
            ],
            [
              27.97856,
              41.08199
            ],
            [
              27.97895,
              41.0836
            ],
            [
              27.9783,
              41.08494
            ],
            [
              27.97581,
              41.08634
            ],
            [
              27.97451,
              41.08766
            ],
            [
              27.97516,
              41.09049
            ],
            [
              27.97667,
              41.09135
            ],
            [
              27.97711,
              41.09279
            ],
            [
              27.97686,
              41.09475
            ],
            [
              27.97825,
              41.09787
            ],
            [
              27.9776,
              41.09901
            ],
            [
              27.97369,
              41.09901
            ],
            [
              27.9714,
              41.10042
            ],
            [
              27.97395,
              41.10356
            ],
            [
              27.97582,
              41.10721
            ],
            [
              27.97284,
              41.10824
            ],
            [
              27.97284,
              41.10894
            ],
            [
              27.97556,
              41.10984
            ],
            [
              27.97684,
              41.11086
            ],
            [
              27.97245,
              41.11215
            ],
            [
              27.97566,
              41.11775
            ],
            [
              27.97573,
              41.12399
            ],
            [
              27.97213,
              41.12448
            ],
            [
              27.97638,
              41.13492
            ],
            [
              27.97638,
              41.13767
            ],
            [
              27.9791,
              41.14439
            ],
            [
              27.97647,
              41.15143
            ],
            [
              27.97749,
              41.15578
            ],
            [
              27.98004,
              41.1602
            ],
            [
              27.9831,
              41.1627
            ],
            [
              27.98607,
              41.16276
            ],
            [
              27.99024,
              41.16199
            ],
            [
              28.00458,
              41.16268
            ],
            [
              28.00926,
              41.16241
            ],
            [
              28.01146,
              41.16293
            ],
            [
              28.01112,
              41.16624
            ],
            [
              28.01224,
              41.16708
            ],
            [
              28.01419,
              41.16685
            ],
            [
              28.01853,
              41.17329
            ],
            [
              28.02091,
              41.17586
            ],
            [
              28.02237,
              41.18002
            ],
            [
              28.02218,
              41.18126
            ],
            [
              28.01889,
              41.18433
            ],
            [
              28.01919,
              41.18711
            ],
            [
              28.01725,
              41.19344
            ],
            [
              28.01621,
              41.19464
            ],
            [
              28.01518,
              41.19725
            ],
            [
              28.01601,
              41.20051
            ],
            [
              28.01114,
              41.20528
            ],
            [
              28.01053,
              41.20711
            ],
            [
              28.00701,
              41.21317
            ],
            [
              28.00131,
              41.21867
            ],
            [
              27.9985,
              41.22226
            ],
            [
              27.99747,
              41.2304
            ],
            [
              27.99852,
              41.23353
            ],
            [
              27.99883,
              41.23631
            ],
            [
              28.00009,
              41.23844
            ],
            [
              27.99968,
              41.2391
            ],
            [
              28.00038,
              41.24061
            ],
            [
              28.00391,
              41.24409
            ],
            [
              28.01337,
              41.25027
            ],
            [
              28.01553,
              41.25228
            ],
            [
              28.01893,
              41.2523
            ],
            [
              28.0234,
              41.25346
            ],
            [
              28.03014,
              41.25612
            ],
            [
              28.03694,
              41.25967
            ],
            [
              28.04586,
              41.26532
            ],
            [
              28.05116,
              41.26711
            ],
            [
              28.05468,
              41.26727
            ],
            [
              28.05611,
              41.2669
            ],
            [
              28.05621,
              41.26772
            ],
            [
              28.05785,
              41.26801
            ],
            [
              28.05725,
              41.26834
            ],
            [
              28.0589,
              41.272
            ],
            [
              28.06167,
              41.27496
            ],
            [
              28.06312,
              41.27772
            ],
            [
              28.06538,
              41.27768
            ],
            [
              28.06752,
              41.279
            ],
            [
              28.0695,
              41.28108
            ],
            [
              28.07181,
              41.28257
            ],
            [
              28.07214,
              41.28499
            ],
            [
              28.07673,
              41.28792
            ],
            [
              28.07652,
              41.28944
            ],
            [
              28.07542,
              41.29038
            ],
            [
              28.07633,
              41.2919
            ],
            [
              28.07583,
              41.293
            ],
            [
              28.0759,
              41.29484
            ],
            [
              28.07629,
              41.29543
            ],
            [
              28.08028,
              41.29686
            ],
            [
              28.0811,
              41.29876
            ],
            [
              28.07968,
              41.29723
            ],
            [
              28.07882,
              41.29704
            ],
            [
              28.07709,
              41.29987
            ],
            [
              28.07836,
              41.3011
            ],
            [
              28.07643,
              41.30216
            ],
            [
              28.07713,
              41.30831
            ],
            [
              28.07783,
              41.30954
            ],
            [
              28.07818,
              41.31191
            ],
            [
              28.07764,
              41.31424
            ],
            [
              28.07804,
              41.31447
            ],
            [
              28.07787,
              41.32112
            ],
            [
              28.07864,
              41.32094
            ],
            [
              28.07983,
              41.32302
            ],
            [
              28.07935,
              41.3232
            ],
            [
              28.0805,
              41.32485
            ],
            [
              28.0795,
              41.32584
            ],
            [
              28.08203,
              41.33054
            ],
            [
              28.08212,
              41.33304
            ],
            [
              28.08419,
              41.33611
            ],
            [
              28.08639,
              41.34072
            ],
            [
              28.08661,
              41.34261
            ],
            [
              28.08865,
              41.34578
            ],
            [
              28.08905,
              41.34787
            ],
            [
              28.08796,
              41.34941
            ],
            [
              28.08765,
              41.35248
            ],
            [
              28.0889,
              41.35594
            ],
            [
              28.08859,
              41.35882
            ],
            [
              28.08938,
              41.36606
            ],
            [
              28.08929,
              41.36977
            ],
            [
              28.09212,
              41.37502
            ],
            [
              28.09483,
              41.3774
            ],
            [
              28.09812,
              41.38525
            ],
            [
              28.09858,
              41.38824
            ],
            [
              28.09806,
              41.39317
            ],
            [
              28.10075,
              41.40388
            ],
            [
              28.1048,
              41.4047
            ],
            [
              28.10876,
              41.40418
            ],
            [
              28.11098,
              41.40529
            ],
            [
              28.11298,
              41.40754
            ],
            [
              28.11816,
              41.40826
            ],
            [
              28.11956,
              41.40937
            ],
            [
              28.12217,
              41.40992
            ],
            [
              28.12125,
              41.41188
            ],
            [
              28.11799,
              41.41609
            ],
            [
              28.11525,
              41.41802
            ],
            [
              28.11412,
              41.42112
            ],
            [
              28.11207,
              41.42383
            ],
            [
              28.11024,
              41.42856
            ],
            [
              28.11037,
              41.43228
            ],
            [
              28.11168,
              41.43407
            ],
            [
              28.11164,
              41.43646
            ],
            [
              28.1132,
              41.43881
            ],
            [
              28.1129,
              41.44177
            ],
            [
              28.11364,
              41.44474
            ],
            [
              28.11312,
              41.44592
            ],
            [
              28.11303,
              41.44817
            ],
            [
              28.11194,
              41.44954
            ],
            [
              28.11133,
              41.45391
            ],
            [
              28.11207,
              41.45946
            ],
            [
              28.1112,
              41.46585
            ],
            [
              28.10824,
              41.46869
            ],
            [
              28.1062,
              41.46924
            ],
            [
              28.10576,
              41.47081
            ],
            [
              28.10593,
              41.47381
            ],
            [
              28.10398,
              41.47488
            ],
            [
              28.10467,
              41.47622
            ],
            [
              28.10406,
              41.47648
            ],
            [
              28.10154,
              41.47586
            ],
            [
              28.09949,
              41.47635
            ],
            [
              28.09914,
              41.47788
            ],
            [
              28.09279,
              41.48052
            ],
            [
              28.08957,
              41.48401
            ],
            [
              28.08896,
              41.48584
            ],
            [
              28.08661,
              41.48789
            ],
            [
              28.08535,
              41.49008
            ],
            [
              28.08413,
              41.49083
            ],
            [
              28.08008,
              41.49187
            ],
            [
              28.0786,
              41.49314
            ],
            [
              28.07294,
              41.49295
            ],
            [
              28.0709,
              41.49405
            ],
            [
              28.07016,
              41.49516
            ],
            [
              28.07168,
              41.49669
            ],
            [
              28.0719,
              41.49816
            ],
            [
              28.07342,
              41.49956
            ],
            [
              28.07342,
              41.50038
            ],
            [
              28.07029,
              41.50889
            ],
            [
              28.07059,
              41.50999
            ],
            [
              28.07312,
              41.51065
            ],
            [
              28.07325,
              41.51162
            ],
            [
              28.07573,
              41.51289
            ],
            [
              28.07629,
              41.5141
            ],
            [
              28.07542,
              41.51537
            ],
            [
              28.07703,
              41.51671
            ],
            [
              28.08378,
              41.51756
            ],
            [
              28.08787,
              41.51674
            ],
            [
              28.08913,
              41.51736
            ],
            [
              28.09209,
              41.51762
            ],
            [
              28.09475,
              41.51945
            ],
            [
              28.09762,
              41.52274
            ],
            [
              28.09975,
              41.52264
            ],
            [
              28.10145,
              41.52319
            ],
            [
              28.10328,
              41.52228
            ],
            [
              28.10502,
              41.52303
            ],
            [
              28.10624,
              41.52512
            ],
            [
              28.10907,
              41.52619
            ],
            [
              28.11142,
              41.52886
            ],
            [
              28.11547,
              41.53049
            ],
            [
              28.11747,
              41.5328
            ],
            [
              28.11951,
              41.53424
            ],
            [
              28.12047,
              41.53597
            ],
            [
              28.11995,
              41.53766
            ],
            [
              28.12086,
              41.53867
            ],
            [
              28.12038,
              41.53958
            ],
            [
              28.12117,
              41.54036
            ],
            [
              28.11594,
              41.54297
            ],
            [
              28.1166,
              41.54375
            ],
            [
              28.11547,
              41.5445
            ],
            [
              28.1203,
              41.54499
            ],
            [
              28.12065,
              41.54698
            ],
            [
              28.12204,
              41.54887
            ],
            [
              28.11869,
              41.55121
            ],
            [
              28.12047,
              41.55297
            ],
            [
              28.12313,
              41.55277
            ],
            [
              28.1243,
              41.55427
            ],
            [
              28.12474,
              41.55691
            ],
            [
              28.12321,
              41.55779
            ],
            [
              28.12334,
              41.55922
            ],
            [
              28.1223,
              41.55997
            ],
            [
              28.11908,
              41.55997
            ],
            [
              28.11764,
              41.56088
            ],
            [
              28.11799,
              41.56339
            ],
            [
              28.12069,
              41.56421
            ],
            [
              28.12405,
              41.56632
            ],
            [
              28.12311,
              41.56708
            ],
            [
              28.12427,
              41.56833
            ],
            [
              28.12563,
              41.56809
            ],
            [
              28.12709,
              41.57111
            ],
            [
              28.12887,
              41.57287
            ],
            [
              28.12817,
              41.57375
            ],
            [
              28.13227,
              41.57482
            ],
            [
              28.13322,
              41.5757
            ],
            [
              28.13266,
              41.57664
            ],
            [
              28.13326,
              41.57762
            ],
            [
              28.13584,
              41.57923
            ],
            [
              28.1368,
              41.58162
            ],
            [
              28.14648,
              41.58503
            ],
            [
              28.1474,
              41.58396
            ],
            [
              28.15375,
              41.57989
            ],
            [
              28.15546,
              41.57987
            ],
            [
              28.15581,
              41.58051
            ],
            [
              28.15716,
              41.5796
            ],
            [
              28.15819,
              41.57984
            ],
            [
              28.16159,
              41.57878
            ],
            [
              28.16432,
              41.5785
            ],
            [
              28.16535,
              41.57887
            ],
            [
              28.16534,
              41.57836
            ],
            [
              28.16637,
              41.57835
            ],
            [
              28.16636,
              41.57784
            ],
            [
              28.16721,
              41.57757
            ],
            [
              28.16719,
              41.5768
            ],
            [
              28.16667,
              41.57603
            ],
            [
              28.16599,
              41.57604
            ],
            [
              28.16596,
              41.57476
            ],
            [
              28.168,
              41.57384
            ],
            [
              28.17006,
              41.5742
            ],
            [
              28.17073,
              41.57343
            ],
            [
              28.17142,
              41.57406
            ],
            [
              28.17208,
              41.5729
            ],
            [
              28.17551,
              41.57338
            ],
            [
              28.1755,
              41.57287
            ],
            [
              28.17721,
              41.5731
            ],
            [
              28.17686,
              41.57234
            ],
            [
              28.17563,
              41.57263
            ],
            [
              28.17529,
              41.57201
            ],
            [
              28.17616,
              41.57145
            ],
            [
              28.17787,
              41.5713
            ],
            [
              28.17857,
              41.57245
            ],
            [
              28.18162,
              41.57113
            ],
            [
              28.18265,
              41.57151
            ],
            [
              28.18212,
              41.57049
            ],
            [
              28.18279,
              41.56971
            ],
            [
              28.1826,
              41.56843
            ],
            [
              28.18499,
              41.5684
            ],
            [
              28.18667,
              41.56685
            ],
            [
              28.18497,
              41.56712
            ],
            [
              28.18426,
              41.5661
            ],
            [
              28.18152,
              41.56562
            ],
            [
              28.18132,
              41.56382
            ],
            [
              28.18315,
              41.56098
            ],
            [
              28.18486,
              41.56109
            ],
            [
              28.18621,
              41.56056
            ],
            [
              28.18806,
              41.55887
            ],
            [
              28.18821,
              41.55759
            ],
            [
              28.18581,
              41.55736
            ],
            [
              28.18562,
              41.55607
            ],
            [
              28.18643,
              41.55376
            ],
            [
              28.18882,
              41.55373
            ],
            [
              28.18881,
              41.55322
            ],
            [
              28.18813,
              41.55297
            ],
            [
              28.19047,
              41.55306
            ],
            [
              28.19125,
              41.55257
            ],
            [
              28.19301,
              41.55248
            ],
            [
              28.19308,
              41.55161
            ],
            [
              28.19267,
              41.55143
            ],
            [
              28.19299,
              41.55014
            ],
            [
              28.19205,
              41.54856
            ],
            [
              28.19252,
              41.54819
            ],
            [
              28.19412,
              41.54818
            ],
            [
              28.19557,
              41.54891
            ],
            [
              28.2,
              41.54848
            ],
            [
              28.19932,
              41.54823
            ],
            [
              28.19947,
              41.54753
            ],
            [
              28.1988,
              41.54711
            ],
            [
              28.1992,
              41.54691
            ],
            [
              28.19906,
              41.54539
            ],
            [
              28.20527,
              41.5398
            ],
            [
              28.20599,
              41.53974
            ],
            [
              28.20566,
              41.53883
            ],
            [
              28.20605,
              41.53845
            ],
            [
              28.20778,
              41.53865
            ],
            [
              28.20958,
              41.53681
            ],
            [
              28.21095,
              41.5361
            ],
            [
              28.21192,
              41.53464
            ],
            [
              28.21415,
              41.53345
            ],
            [
              28.21368,
              41.53337
            ],
            [
              28.21403,
              41.53303
            ],
            [
              28.21768,
              41.53145
            ],
            [
              28.21906,
              41.5305
            ],
            [
              28.21902,
              41.5301
            ],
            [
              28.21954,
              41.53035
            ],
            [
              28.22188,
              41.52927
            ],
            [
              28.22186,
              41.52891
            ],
            [
              28.2191,
              41.528
            ],
            [
              28.21978,
              41.52541
            ],
            [
              28.22048,
              41.52465
            ],
            [
              28.22423,
              41.52312
            ],
            [
              28.22541,
              41.5237
            ],
            [
              28.22599,
              41.5246
            ],
            [
              28.22815,
              41.52438
            ],
            [
              28.22884,
              41.52495
            ],
            [
              28.22961,
              41.52386
            ],
            [
              28.23105,
              41.52412
            ],
            [
              28.23225,
              41.52362
            ],
            [
              28.23161,
              41.52309
            ],
            [
              28.23214,
              41.52305
            ],
            [
              28.23149,
              41.52174
            ],
            [
              28.23255,
              41.52019
            ],
            [
              28.23595,
              41.51903
            ],
            [
              28.23666,
              41.51795
            ],
            [
              28.23728,
              41.51781
            ],
            [
              28.23738,
              41.51701
            ],
            [
              28.23849,
              41.51717
            ],
            [
              28.23996,
              41.51622
            ],
            [
              28.24314,
              41.51558
            ],
            [
              28.24387,
              41.51597
            ],
            [
              28.24389,
              41.515
            ],
            [
              28.2471,
              41.51438
            ],
            [
              28.24708,
              41.51351
            ],
            [
              28.24778,
              41.51298
            ],
            [
              28.24778,
              41.5118
            ],
            [
              28.2468,
              41.51134
            ],
            [
              28.24777,
              41.51146
            ],
            [
              28.24943,
              41.51053
            ],
            [
              28.25043,
              41.51103
            ],
            [
              28.25036,
              41.51155
            ],
            [
              28.25198,
              41.51053
            ],
            [
              28.25254,
              41.51069
            ],
            [
              28.25259,
              41.50977
            ],
            [
              28.25614,
              41.50774
            ],
            [
              28.25996,
              41.50727
            ],
            [
              28.26096,
              41.50609
            ],
            [
              28.26098,
              41.5052
            ],
            [
              28.26181,
              41.5049
            ],
            [
              28.26108,
              41.50473
            ],
            [
              28.26102,
              41.5039
            ],
            [
              28.26193,
              41.50233
            ],
            [
              28.26449,
              41.50176
            ],
            [
              28.26728,
              41.5
            ],
            [
              28.26849,
              41.49999
            ],
            [
              28.27063,
              41.49731
            ],
            [
              28.27226,
              41.49625
            ],
            [
              28.2767,
              41.49508
            ],
            [
              28.27831,
              41.49552
            ],
            [
              28.27952,
              41.49408
            ],
            [
              28.28484,
              41.49156
            ],
            [
              28.30009,
              41.48557
            ],
            [
              28.30557,
              41.48286
            ],
            [
              28.31113,
              41.48087
            ],
            [
              28.31505,
              41.47874
            ],
            [
              28.34214,
              41.46829
            ],
            [
              28.40187,
              41.44321
            ],
            [
              28.42745,
              41.43332
            ],
            [
              28.43117,
              41.43225
            ],
            [
              28.43287,
              41.43158
            ],
            [
              28.43285,
              41.43107
            ],
            [
              28.46602,
              41.41961
            ],
            [
              28.46601,
              41.4191
            ],
            [
              28.47143,
              41.41749
            ],
            [
              28.47142,
              41.41698
            ],
            [
              28.4738,
              41.41643
            ],
            [
              28.47378,
              41.41592
            ],
            [
              28.47582,
              41.41551
            ],
            [
              28.47751,
              41.41472
            ],
            [
              28.47783,
              41.41407
            ],
            [
              28.48359,
              41.41207
            ],
            [
              28.48865,
              41.40995
            ],
            [
              28.49067,
              41.40864
            ],
            [
              28.49879,
              41.40571
            ],
            [
              28.50114,
              41.4044
            ],
            [
              28.50284,
              41.40425
            ],
            [
              28.50283,
              41.40374
            ],
            [
              28.50791,
              41.40213
            ],
            [
              28.5079,
              41.40162
            ],
            [
              28.51467,
              41.39947
            ],
            [
              28.51465,
              41.39896
            ],
            [
              28.5221,
              41.39681
            ],
            [
              28.52209,
              41.3963
            ],
            [
              28.52548,
              41.39561
            ],
            [
              28.52987,
              41.39375
            ],
            [
              28.53081,
              41.39279
            ],
            [
              28.53847,
              41.38988
            ],
            [
              28.54369,
              41.38851
            ],
            [
              28.54781,
              41.38838
            ],
            [
              28.54983,
              41.3872
            ],
            [
              28.5556,
              41.38635
            ],
            [
              28.55559,
              41.38584
            ],
            [
              28.55763,
              41.38555
            ],
            [
              28.55796,
              41.3849
            ],
            [
              28.55965,
              41.3845
            ],
            [
              28.55964,
              41.38398
            ],
            [
              28.56437,
              41.38251
            ],
            [
              28.56536,
              41.38083
            ],
            [
              28.56874,
              41.37988
            ],
            [
              28.56907,
              41.37923
            ],
            [
              28.57043,
              41.37909
            ],
            [
              28.57142,
              41.37805
            ],
            [
              28.57345,
              41.37725
            ],
            [
              28.57478,
              41.37582
            ],
            [
              28.57681,
              41.37528
            ],
            [
              28.5768,
              41.37476
            ],
            [
              28.57762,
              41.37425
            ],
            [
              28.5885,
              41.36966
            ],
            [
              28.59368,
              41.36824
            ],
            [
              28.60695,
              41.36208
            ],
            [
              28.60954,
              41.36186
            ],
            [
              28.61124,
              41.36032
            ],
            [
              28.62558,
              41.35461
            ],
            [
              28.63637,
              41.35105
            ],
            [
              28.64431,
              41.34925
            ],
            [
              28.64771,
              41.34928
            ],
            [
              28.64978,
              41.34999
            ],
            [
              28.65191,
              41.3498
            ],
            [
              28.65256,
              41.34898
            ],
            [
              28.65402,
              41.34856
            ],
            [
              28.65633,
              41.34925
            ],
            [
              28.66046,
              41.34648
            ],
            [
              28.67178,
              41.34302
            ],
            [
              28.67713,
              41.3432
            ],
            [
              28.67911,
              41.34457
            ],
            [
              28.679,
              41.34559
            ],
            [
              28.67963,
              41.34574
            ],
            [
              28.68007,
              41.34653
            ],
            [
              28.67953,
              41.34764
            ],
            [
              28.68023,
              41.34814
            ],
            [
              28.68342,
              41.34834
            ],
            [
              28.68446,
              41.34787
            ],
            [
              28.68488,
              41.3469
            ],
            [
              28.68456,
              41.34641
            ],
            [
              28.6852,
              41.34626
            ],
            [
              28.6851,
              41.34589
            ],
            [
              28.68789,
              41.34514
            ],
            [
              28.68712,
              41.34471
            ],
            [
              28.68684,
              41.34312
            ],
            [
              28.68622,
              41.34496
            ],
            [
              28.68446,
              41.34513
            ],
            [
              28.68385,
              41.34464
            ],
            [
              28.68394,
              41.34327
            ],
            [
              28.68437,
              41.34287
            ],
            [
              28.68567,
              41.34337
            ],
            [
              28.68556,
              41.34254
            ],
            [
              28.68627,
              41.3414
            ],
            [
              28.68863,
              41.34098
            ],
            [
              28.68952,
              41.34002
            ],
            [
              28.69134,
              41.33963
            ],
            [
              28.69282,
              41.3386
            ],
            [
              28.69405,
              41.33849
            ],
            [
              28.69827,
              41.33652
            ],
            [
              28.7052,
              41.33429
            ],
            [
              28.70892,
              41.33239
            ],
            [
              28.71267,
              41.33162
            ],
            [
              28.71476,
              41.33043
            ],
            [
              28.72616,
              41.32654
            ],
            [
              28.73065,
              41.32585
            ],
            [
              28.73245,
              41.32608
            ],
            [
              28.73287,
              41.3268
            ],
            [
              28.73511,
              41.32739
            ],
            [
              28.74203,
              41.32597
            ],
            [
              28.7448,
              41.32666
            ],
            [
              28.75269,
              41.32656
            ],
            [
              28.7541,
              41.32603
            ],
            [
              28.75737,
              41.32332
            ],
            [
              28.76015,
              41.32206
            ],
            [
              28.76529,
              41.32225
            ],
            [
              28.76924,
              41.32091
            ],
            [
              28.77223,
              41.31876
            ],
            [
              28.7735,
              41.31678
            ],
            [
              28.77471,
              41.3162
            ],
            [
              28.7783,
              41.3161
            ],
            [
              28.77975,
              41.31551
            ],
            [
              28.78242,
              41.31323
            ],
            [
              28.78436,
              41.31308
            ],
            [
              28.78307,
              41.31279
            ],
            [
              28.78164,
              41.31311
            ],
            [
              28.78119,
              41.31257
            ],
            [
              28.78152,
              41.31231
            ],
            [
              28.78069,
              41.31197
            ],
            [
              28.78023,
              41.30967
            ],
            [
              28.78098,
              41.30876
            ],
            [
              28.7867,
              41.30685
            ],
            [
              28.78922,
              41.30721
            ],
            [
              28.78978,
              41.30845
            ],
            [
              28.79011,
              41.31194
            ],
            [
              28.79011,
              41.30826
            ],
            [
              28.78872,
              41.30599
            ],
            [
              28.78964,
              41.30486
            ],
            [
              28.79273,
              41.30306
            ],
            [
              28.79755,
              41.30179
            ],
            [
              28.79963,
              41.30227
            ],
            [
              28.80139,
              41.30169
            ],
            [
              28.80296,
              41.30063
            ],
            [
              28.80397,
              41.29895
            ],
            [
              28.80819,
              41.29815
            ],
            [
              28.80969,
              41.29692
            ],
            [
              28.81064,
              41.29645
            ],
            [
              28.81155,
              41.29661
            ],
            [
              28.81462,
              41.29475
            ],
            [
              28.81364,
              41.29487
            ],
            [
              28.81255,
              41.29429
            ],
            [
              28.81305,
              41.2937
            ],
            [
              28.81481,
              41.2935
            ],
            [
              28.81503,
              41.29504
            ],
            [
              28.81555,
              41.29525
            ],
            [
              28.81882,
              41.29523
            ],
            [
              28.81959,
              41.29416
            ],
            [
              28.81929,
              41.2927
            ],
            [
              28.81995,
              41.29231
            ],
            [
              28.82566,
              41.291
            ],
            [
              28.8274,
              41.29114
            ],
            [
              28.8356,
              41.28783
            ],
            [
              28.83834,
              41.28779
            ],
            [
              28.84066,
              41.28714
            ],
            [
              28.84391,
              41.28768
            ],
            [
              28.8455,
              41.28727
            ],
            [
              28.84887,
              41.28495
            ],
            [
              28.85502,
              41.28219
            ],
            [
              28.86288,
              41.28004
            ],
            [
              28.86711,
              41.2795
            ],
            [
              28.87372,
              41.27704
            ],
            [
              28.87708,
              41.27693
            ],
            [
              28.88756,
              41.27438
            ],
            [
              28.89143,
              41.2747
            ],
            [
              28.896,
              41.27432
            ],
            [
              28.90217,
              41.27529
            ],
            [
              28.90671,
              41.27408
            ],
            [
              28.90748,
              41.27374
            ],
            [
              28.90821,
              41.27256
            ],
            [
              28.90982,
              41.27202
            ],
            [
              28.92185,
              41.27192
            ],
            [
              28.93352,
              41.26647
            ],
            [
              28.9429,
              41.26302
            ],
            [
              28.95063,
              41.26186
            ],
            [
              28.95463,
              41.26229
            ],
            [
              28.95741,
              41.26003
            ],
            [
              28.96088,
              41.25939
            ],
            [
              28.96288,
              41.25844
            ],
            [
              28.96478,
              41.25628
            ],
            [
              28.96481,
              41.25522
            ],
            [
              28.9682,
              41.25399
            ],
            [
              28.97464,
              41.2525
            ],
            [
              28.97842,
              41.25309
            ],
            [
              28.98099,
              41.25222
            ],
            [
              28.98238,
              41.25233
            ],
            [
              28.98547,
              41.25079
            ],
            [
              29.00113,
              41.24714
            ],
            [
              29.01327,
              41.24567
            ],
            [
              29.02414,
              41.24507
            ],
            [
              29.03254,
              41.246
            ],
            [
              29.03397,
              41.24673
            ],
            [
              29.0345,
              41.24759
            ],
            [
              29.03366,
              41.24947
            ],
            [
              29.03453,
              41.24936
            ],
            [
              29.03519,
              41.25014
            ],
            [
              29.03701,
              41.25017
            ],
            [
              29.03857,
              41.25193
            ],
            [
              29.03896,
              41.25442
            ],
            [
              29.03808,
              41.25652
            ],
            [
              29.03967,
              41.25648
            ],
            [
              29.04028,
              41.25587
            ],
            [
              29.04184,
              41.25644
            ],
            [
              29.04116,
              41.25564
            ],
            [
              29.04168,
              41.25484
            ],
            [
              29.04248,
              41.2545
            ],
            [
              29.04275,
              41.25375
            ],
            [
              29.0442,
              41.25362
            ],
            [
              29.04537,
              41.25457
            ],
            [
              29.04753,
              41.25499
            ],
            [
              29.04747,
              41.25642
            ],
            [
              29.04952,
              41.25702
            ],
            [
              29.0505,
              41.25655
            ],
            [
              29.05021,
              41.25588
            ],
            [
              29.05221,
              41.25573
            ],
            [
              29.05195,
              41.25535
            ],
            [
              29.05383,
              41.25573
            ],
            [
              29.05423,
              41.25558
            ],
            [
              29.05422,
              41.2548
            ],
            [
              29.0607,
              41.25507
            ],
            [
              29.06237,
              41.25366
            ],
            [
              29.06215,
              41.25167
            ],
            [
              29.06456,
              41.25067
            ],
            [
              29.06599,
              41.25112
            ],
            [
              29.06633,
              41.2526
            ],
            [
              29.06745,
              41.25355
            ],
            [
              29.06805,
              41.2533
            ],
            [
              29.06745,
              41.25225
            ],
            [
              29.06825,
              41.25246
            ],
            [
              29.06972,
              41.25193
            ],
            [
              29.07072,
              41.25271
            ],
            [
              29.07218,
              41.25167
            ],
            [
              29.07201,
              41.2507
            ],
            [
              29.07104,
              41.24992
            ],
            [
              29.07136,
              41.24957
            ],
            [
              29.07103,
              41.2487
            ],
            [
              29.07235,
              41.24789
            ],
            [
              29.07381,
              41.24976
            ],
            [
              29.07537,
              41.24969
            ],
            [
              29.07516,
              41.25061
            ],
            [
              29.07585,
              41.25077
            ],
            [
              29.0761,
              41.25243
            ],
            [
              29.07796,
              41.25456
            ],
            [
              29.0786,
              41.25384
            ],
            [
              29.07851,
              41.25322
            ],
            [
              29.07946,
              41.25279
            ],
            [
              29.07922,
              41.25213
            ],
            [
              29.07995,
              41.25215
            ],
            [
              29.0802,
              41.25171
            ],
            [
              29.07909,
              41.2504
            ],
            [
              29.07969,
              41.24883
            ],
            [
              29.08191,
              41.24916
            ],
            [
              29.08264,
              41.24992
            ],
            [
              29.08453,
              41.24992
            ],
            [
              29.08314,
              41.24927
            ],
            [
              29.08378,
              41.24903
            ],
            [
              29.08422,
              41.24773
            ],
            [
              29.08485,
              41.24743
            ],
            [
              29.08422,
              41.24629
            ],
            [
              29.0847,
              41.2456
            ],
            [
              29.08534,
              41.24553
            ],
            [
              29.08628,
              41.24652
            ],
            [
              29.08763,
              41.24645
            ],
            [
              29.08931,
              41.24792
            ],
            [
              29.0902,
              41.2478
            ],
            [
              29.09164,
              41.24682
            ],
            [
              29.09187,
              41.24475
            ],
            [
              29.09126,
              41.24442
            ],
            [
              29.09161,
              41.24367
            ],
            [
              29.09221,
              41.24363
            ],
            [
              29.09311,
              41.24457
            ],
            [
              29.0926,
              41.24466
            ],
            [
              29.09281,
              41.24521
            ],
            [
              29.09332,
              41.24539
            ],
            [
              29.09582,
              41.24482
            ],
            [
              29.09646,
              41.24392
            ],
            [
              29.0961,
              41.24336
            ],
            [
              29.09733,
              41.24368
            ],
            [
              29.09782,
              41.24281
            ],
            [
              29.09728,
              41.24259
            ],
            [
              29.09807,
              41.24263
            ],
            [
              29.09855,
              41.24204
            ],
            [
              29.09747,
              41.24113
            ],
            [
              29.09772,
              41.24019
            ],
            [
              29.09861,
              41.24013
            ],
            [
              29.09911,
              41.24106
            ],
            [
              29.10097,
              41.24205
            ],
            [
              29.10097,
              41.24118
            ],
            [
              29.1014,
              41.24178
            ],
            [
              29.10118,
              41.24115
            ],
            [
              29.10334,
              41.24125
            ],
            [
              29.10258,
              41.24088
            ],
            [
              29.10324,
              41.2404
            ],
            [
              29.10525,
              41.24042
            ],
            [
              29.10554,
              41.24012
            ],
            [
              29.10487,
              41.2395
            ],
            [
              29.10507,
              41.23874
            ],
            [
              29.10702,
              41.23967
            ],
            [
              29.10666,
              41.23841
            ],
            [
              29.10538,
              41.23773
            ],
            [
              29.10617,
              41.23719
            ],
            [
              29.10983,
              41.23852
            ],
            [
              29.11218,
              41.23777
            ],
            [
              29.1095,
              41.2363
            ],
            [
              29.1089,
              41.23545
            ],
            [
              29.1114,
              41.23486
            ],
            [
              29.11248,
              41.23529
            ],
            [
              29.11332,
              41.2345
            ],
            [
              29.11626,
              41.23387
            ],
            [
              29.11493,
              41.23163
            ],
            [
              29.11525,
              41.22897
            ],
            [
              29.11484,
              41.22876
            ],
            [
              29.11448,
              41.22896
            ],
            [
              29.11434,
              41.23159
            ],
            [
              29.11388,
              41.23184
            ],
            [
              29.11445,
              41.23177
            ],
            [
              29.11529,
              41.23344
            ],
            [
              29.11333,
              41.23407
            ],
            [
              29.11303,
              41.23358
            ],
            [
              29.11344,
              41.23347
            ],
            [
              29.11265,
              41.23244
            ],
            [
              29.11329,
              41.232
            ],
            [
              29.11245,
              41.23217
            ],
            [
              29.11199,
              41.23139
            ],
            [
              29.1122,
              41.23097
            ],
            [
              29.11284,
              41.23107
            ],
            [
              29.11223,
              41.23088
            ],
            [
              29.11236,
              41.23037
            ],
            [
              29.11395,
              41.22964
            ],
            [
              29.11001,
              41.2261
            ],
            [
              29.11016,
              41.22541
            ],
            [
              29.10808,
              41.22426
            ],
            [
              29.10972,
              41.22291
            ],
            [
              29.10766,
              41.22254
            ],
            [
              29.10637,
              41.22112
            ],
            [
              29.10606,
              41.21848
            ],
            [
              29.10637,
              41.2178
            ],
            [
              29.10684,
              41.21804
            ],
            [
              29.10667,
              41.21773
            ],
            [
              29.10715,
              41.21751
            ],
            [
              29.10677,
              41.21684
            ],
            [
              29.10816,
              41.21686
            ],
            [
              29.10766,
              41.21658
            ],
            [
              29.10773,
              41.21578
            ],
            [
              29.10957,
              41.21572
            ],
            [
              29.10928,
              41.21508
            ],
            [
              29.11178,
              41.21416
            ],
            [
              29.10946,
              41.21362
            ],
            [
              29.10965,
              41.21309
            ],
            [
              29.11088,
              41.21292
            ],
            [
              29.10933,
              41.21146
            ],
            [
              29.10926,
              41.21055
            ],
            [
              29.10486,
              41.20734
            ],
            [
              29.10562,
              41.2067
            ],
            [
              29.10397,
              41.20522
            ],
            [
              29.10304,
              41.20518
            ],
            [
              29.10241,
              41.20599
            ],
            [
              29.10147,
              41.20627
            ],
            [
              29.10017,
              41.20607
            ],
            [
              29.09823,
              41.20452
            ],
            [
              29.09783,
              41.20287
            ],
            [
              29.09587,
              41.20249
            ],
            [
              29.09433,
              41.20144
            ],
            [
              29.09326,
              41.20152
            ],
            [
              29.09143,
              41.20036
            ],
            [
              29.08536,
              41.19237
            ],
            [
              29.08368,
              41.19084
            ],
            [
              29.08333,
              41.18987
            ],
            [
              29.08142,
              41.18843
            ],
            [
              29.08155,
              41.18757
            ],
            [
              29.08106,
              41.18782
            ],
            [
              29.07715,
              41.18564
            ],
            [
              29.07624,
              41.18327
            ],
            [
              29.07538,
              41.18287
            ],
            [
              29.07545,
              41.18221
            ],
            [
              29.07515,
              41.18159
            ],
            [
              29.07482,
              41.18171
            ],
            [
              29.07417,
              41.17969
            ],
            [
              29.07428,
              41.18086
            ],
            [
              29.07385,
              41.18087
            ],
            [
              29.07387,
              41.17727
            ],
            [
              29.07271,
              41.17502
            ],
            [
              29.0678,
              41.17251
            ],
            [
              29.06409,
              41.17192
            ],
            [
              29.06044,
              41.17064
            ],
            [
              29.05861,
              41.1693
            ],
            [
              29.05895,
              41.16915
            ],
            [
              29.05865,
              41.16869
            ],
            [
              29.05816,
              41.16889
            ],
            [
              29.05761,
              41.16631
            ],
            [
              29.05703,
              41.16576
            ],
            [
              29.05177,
              41.16476
            ],
            [
              29.04624,
              41.16114
            ],
            [
              29.04264,
              41.15961
            ],
            [
              29.0382,
              41.15872
            ],
            [
              29.03639,
              41.15674
            ],
            [
              29.03615,
              41.15571
            ],
            [
              29.03649,
              41.15581
            ],
            [
              29.03681,
              41.15465
            ],
            [
              29.03814,
              41.15372
            ],
            [
              29.04138,
              41.15292
            ],
            [
              29.04449,
              41.14965
            ],
            [
              29.04595,
              41.14893
            ],
            [
              29.05042,
              41.148
            ],
            [
              29.05305,
              41.14636
            ],
            [
              29.0557,
              41.14382
            ],
            [
              29.0557,
              41.14263
            ],
            [
              29.05797,
              41.13966
            ],
            [
              29.05737,
              41.13904
            ],
            [
              29.05454,
              41.13912
            ],
            [
              29.05423,
              41.13858
            ],
            [
              29.05797,
              41.13704
            ],
            [
              29.05894,
              41.13713
            ],
            [
              29.05873,
              41.13668
            ],
            [
              29.05923,
              41.1362
            ],
            [
              29.06109,
              41.13571
            ],
            [
              29.0625,
              41.13414
            ],
            [
              29.06251,
              41.13329
            ],
            [
              29.06424,
              41.13051
            ],
            [
              29.06627,
              41.12903
            ],
            [
              29.07049,
              41.12716
            ],
            [
              29.0719,
              41.12341
            ],
            [
              29.06989,
              41.11963
            ],
            [
              29.06415,
              41.11626
            ],
            [
              29.0618,
              41.11314
            ],
            [
              29.05736,
              41.1149
            ],
            [
              29.05585,
              41.1147
            ],
            [
              29.05438,
              41.11372
            ],
            [
              29.05541,
              41.11323
            ],
            [
              29.05722,
              41.11357
            ],
            [
              29.0584,
              41.11278
            ],
            [
              29.05858,
              41.11024
            ],
            [
              29.05936,
              41.10932
            ],
            [
              29.05899,
              41.10827
            ],
            [
              29.05766,
              41.10702
            ],
            [
              29.05658,
              41.10375
            ],
            [
              29.05518,
              41.10174
            ],
            [
              29.05481,
              41.1
            ],
            [
              29.05364,
              41.09892
            ],
            [
              29.05425,
              41.09809
            ],
            [
              29.05286,
              41.09769
            ],
            [
              29.05451,
              41.09793
            ],
            [
              29.05401,
              41.09485
            ],
            [
              29.05549,
              41.09243
            ],
            [
              29.05721,
              41.09078
            ],
            [
              29.05681,
              41.08317
            ],
            [
              29.05603,
              41.0817
            ],
            [
              29.05533,
              41.08132
            ],
            [
              29.05197,
              41.07997
            ],
            [
              29.04659,
              41.07913
            ],
            [
              29.04443,
              41.07774
            ],
            [
              29.04409,
              41.075
            ],
            [
              29.04526,
              41.07114
            ],
            [
              29.04632,
              41.06957
            ],
            [
              29.04646,
              41.06799
            ],
            [
              29.04539,
              41.06725
            ],
            [
              29.04229,
              41.06653
            ],
            [
              29.0414,
              41.06545
            ],
            [
              29.04089,
              41.06291
            ],
            [
              29.0378,
              41.06098
            ],
            [
              29.03722,
              41.05967
            ],
            [
              29.03657,
              41.05939
            ],
            [
              29.0352,
              41.05409
            ],
            [
              29.03281,
              41.04971
            ],
            [
              29.02858,
              41.04836
            ],
            [
              29.02756,
              41.04709
            ],
            [
              29.02489,
              41.04726
            ],
            [
              29.01801,
              41.0446
            ],
            [
              29.01815,
              41.04404
            ],
            [
              29.01691,
              41.0435
            ],
            [
              29.01006,
              41.0413
            ],
            [
              29.00747,
              41.04125
            ],
            [
              29.00758,
              41.04085
            ],
            [
              29.00632,
              41.04081
            ],
            [
              29.00557,
              41.03989
            ],
            [
              28.99676,
              41.03748
            ],
            [
              28.99483,
              41.03645
            ],
            [
              28.99381,
              41.03501
            ],
            [
              28.99379,
              41.03452
            ],
            [
              28.99439,
              41.03451
            ],
            [
              28.99384,
              41.03441
            ],
            [
              28.99393,
              41.03387
            ],
            [
              28.99452,
              41.03378
            ],
            [
              28.99392,
              41.03377
            ],
            [
              28.99373,
              41.03322
            ],
            [
              28.9946,
              41.03286
            ],
            [
              28.99439,
              41.03261
            ],
            [
              28.99364,
              41.03311
            ],
            [
              28.99286,
              41.03273
            ],
            [
              28.99279,
              41.03182
            ],
            [
              28.99271,
              41.0327
            ],
            [
              28.99213,
              41.03261
            ],
            [
              28.99012,
              41.03101
            ],
            [
              28.98863,
              41.0287
            ],
            [
              28.98809,
              41.02893
            ],
            [
              28.98825,
              41.02813
            ],
            [
              28.98878,
              41.02842
            ],
            [
              28.98847,
              41.02816
            ],
            [
              28.98243,
              41.02535
            ],
            [
              28.97687,
              41.02185
            ],
            [
              28.97521,
              41.02156
            ],
            [
              28.97111,
              41.02195
            ],
            [
              28.9699,
              41.02236
            ],
            [
              28.96717,
              41.02489
            ],
            [
              28.96672,
              41.02768
            ],
            [
              28.96607,
              41.02799
            ],
            [
              28.96653,
              41.02893
            ],
            [
              28.96729,
              41.0289
            ],
            [
              28.96568,
              41.03113
            ],
            [
              28.96483,
              41.03071
            ],
            [
              28.96062,
              41.03351
            ],
            [
              28.96088,
              41.03388
            ],
            [
              28.95574,
              41.03384
            ],
            [
              28.95241,
              41.03489
            ],
            [
              28.95356,
              41.0357
            ],
            [
              28.95265,
              41.03536
            ],
            [
              28.95306,
              41.03586
            ],
            [
              28.95228,
              41.03575
            ],
            [
              28.95125,
              41.03745
            ],
            [
              28.95078,
              41.0375
            ],
            [
              28.95028,
              41.03911
            ],
            [
              28.9486,
              41.04088
            ],
            [
              28.9491,
              41.04138
            ],
            [
              28.94833,
              41.04111
            ],
            [
              28.94815,
              41.04184
            ],
            [
              28.94677,
              41.04307
            ],
            [
              28.94154,
              41.04549
            ],
            [
              28.94027,
              41.04722
            ],
            [
              28.93901,
              41.04933
            ],
            [
              28.93936,
              41.05146
            ],
            [
              28.94027,
              41.05254
            ],
            [
              28.94348,
              41.05423
            ],
            [
              28.94771,
              41.05552
            ],
            [
              28.94835,
              41.05707
            ],
            [
              28.94727,
              41.06177
            ],
            [
              28.94786,
              41.06414
            ],
            [
              28.94847,
              41.06444
            ],
            [
              28.94762,
              41.06459
            ],
            [
              28.9467,
              41.06338
            ],
            [
              28.94582,
              41.06355
            ],
            [
              28.94527,
              41.06479
            ],
            [
              28.9438,
              41.06478
            ],
            [
              28.94567,
              41.06115
            ],
            [
              28.94683,
              41.05723
            ],
            [
              28.93872,
              41.05508
            ],
            [
              28.93568,
              41.05217
            ],
            [
              28.93509,
              41.05001
            ],
            [
              28.93821,
              41.0468
            ],
            [
              28.93829,
              41.04512
            ],
            [
              28.93899,
              41.0435
            ],
            [
              28.93997,
              41.04227
            ],
            [
              28.94482,
              41.04086
            ],
            [
              28.94694,
              41.03682
            ],
            [
              28.94924,
              41.0353
            ],
            [
              28.94908,
              41.0345
            ],
            [
              28.95002,
              41.03351
            ],
            [
              28.94972,
              41.03307
            ],
            [
              28.95013,
              41.03198
            ],
            [
              28.95261,
              41.03086
            ],
            [
              28.95311,
              41.02925
            ],
            [
              28.95731,
              41.0285
            ],
            [
              28.95785,
              41.02758
            ],
            [
              28.95971,
              41.02626
            ],
            [
              28.95985,
              41.0252
            ],
            [
              28.96129,
              41.02369
            ],
            [
              28.96315,
              41.02287
            ],
            [
              28.96368,
              41.0214
            ],
            [
              28.96597,
              41.02043
            ],
            [
              28.96629,
              41.0195
            ],
            [
              28.96963,
              41.01963
            ],
            [
              28.97136,
              41.01832
            ],
            [
              28.97332,
              41.01838
            ],
            [
              28.97688,
              41.01668
            ],
            [
              28.98178,
              41.0167
            ],
            [
              28.98533,
              41.01776
            ],
            [
              28.98669,
              41.01736
            ],
            [
              28.98811,
              41.01245
            ],
            [
              28.98786,
              41.01021
            ],
            [
              28.98632,
              41.00675
            ],
            [
              28.9814,
              41.00259
            ],
            [
              28.97761,
              41.00177
            ],
            [
              28.97869,
              41.00121
            ],
            [
              28.97833,
              41.00107
            ],
            [
              28.97308,
              41.00098
            ],
            [
              28.96494,
              41.00233
            ],
            [
              28.96086,
              41.00208
            ],
            [
              28.96182,
              41.00115
            ],
            [
              28.96545,
              41.0009
            ],
            [
              28.9622,
              41.00094
            ],
            [
              28.95854,
              41.00184
            ],
            [
              28.9582,
              41.00106
            ],
            [
              28.95844,
              41.00187
            ],
            [
              28.95703,
              41.00223
            ],
            [
              28.95622,
              41.00142
            ],
            [
              28.95641,
              41.00179
            ],
            [
              28.95546,
              41.0019
            ],
            [
              28.95548,
              41.00238
            ],
            [
              28.95412,
              41.00221
            ],
            [
              28.95419,
              41.00161
            ],
            [
              28.95374,
              41.00213
            ],
            [
              28.95287,
              41.00122
            ],
            [
              28.95373,
              40.99921
            ],
            [
              28.95477,
              40.99868
            ],
            [
              28.96105,
              40.99826
            ],
            [
              28.95343,
              40.99837
            ],
            [
              28.95094,
              40.99702
            ],
            [
              28.94803,
              40.99631
            ],
            [
              28.94431,
              40.99635
            ],
            [
              28.94027,
              40.99774
            ],
            [
              28.93816,
              40.99972
            ],
            [
              28.93799,
              41.00071
            ],
            [
              28.93895,
              41.0012
            ],
            [
              28.93876,
              41.00172
            ],
            [
              28.93852,
              41.00127
            ],
            [
              28.93681,
              41.00109
            ],
            [
              28.93502,
              40.99985
            ],
            [
              28.93231,
              40.99524
            ],
            [
              28.92961,
              40.99355
            ],
            [
              28.92968,
              40.99311
            ],
            [
              28.92928,
              40.99321
            ],
            [
              28.9279,
              40.99177
            ],
            [
              28.92944,
              40.99108
            ],
            [
              28.93015,
              40.99275
            ],
            [
              28.92959,
              40.99094
            ],
            [
              28.92784,
              40.99138
            ],
            [
              28.92534,
              40.98845
            ],
            [
              28.92384,
              40.98775
            ],
            [
              28.91735,
              40.98779
            ],
            [
              28.91188,
              40.98571
            ],
            [
              28.90855,
              40.98166
            ],
            [
              28.90296,
              40.97932
            ],
            [
              28.89999,
              40.97903
            ],
            [
              28.89705,
              40.97991
            ],
            [
              28.89645,
              40.97902
            ],
            [
              28.8968,
              40.97992
            ],
            [
              28.89642,
              40.98005
            ],
            [
              28.89583,
              40.97912
            ],
            [
              28.89625,
              40.9801
            ],
            [
              28.89586,
              40.98023
            ],
            [
              28.89524,
              40.97931
            ],
            [
              28.89565,
              40.98024
            ],
            [
              28.89521,
              40.98033
            ],
            [
              28.89463,
              40.97945
            ],
            [
              28.89506,
              40.98041
            ],
            [
              28.89443,
              40.98058
            ],
            [
              28.89328,
              40.97918
            ],
            [
              28.89413,
              40.98082
            ],
            [
              28.89364,
              40.98103
            ],
            [
              28.89311,
              40.98059
            ],
            [
              28.89353,
              40.98033
            ],
            [
              28.89291,
              40.98034
            ],
            [
              28.89312,
              40.98104
            ],
            [
              28.89213,
              40.98121
            ],
            [
              28.89119,
              40.98094
            ],
            [
              28.89133,
              40.9803
            ],
            [
              28.89312,
              40.98015
            ],
            [
              28.89161,
              40.97985
            ],
            [
              28.89195,
              40.97802
            ],
            [
              28.89158,
              40.9779
            ],
            [
              28.89139,
              40.9798
            ],
            [
              28.88995,
              40.98214
            ],
            [
              28.89112,
              40.98363
            ],
            [
              28.89197,
              40.98926
            ],
            [
              28.89083,
              40.98367
            ],
            [
              28.88981,
              40.98262
            ]
          ]
        ]
      }
    },
    {
      "type": "Feature",
      "properties": {
        "id": 1,
        "area": 0.20134921387527213
      },
      "geometry": {
        "type": "Polygon",
        "coordinates": [
          [
            [
              29.49976,
              41.0262
            ],
            [
              29.50046,
              41.02545
            ],
            [
              29.50026,
              41.02399
            ],
            [
              29.5008,
              41.02252
            ],
            [
              29.49944,
              41.01998
            ],
            [
              29.49971,
              41.01721
            ],
            [
              29.49359,
              41.01267
            ],
            [
              29.49293,
              41.0083
            ],
            [
              29.49705,
              41.00533
            ],
            [
              29.50256,
              41.00043
            ],
            [
              29.50519,
              41.00017
            ],
            [
              29.5058,
              40.99845
            ],
            [
              29.50536,
              40.99764
            ],
            [
              29.5066,
              40.99562
            ],
            [
              29.50526,
              40.99411
            ],
            [
              29.50609,
              40.99186
            ],
            [
              29.50647,
              40.98807
            ],
            [
              29.50445,
              40.98665
            ],
            [
              29.50093,
              40.98668
            ],
            [
              29.49972,
              40.98458
            ],
            [
              29.48971,
              40.97677
            ],
            [
              29.48504,
              40.97496
            ],
            [
              29.48194,
              40.96997
            ],
            [
              29.48232,
              40.96906
            ],
            [
              29.48501,
              40.96828
            ],
            [
              29.4852,
              40.96608
            ],
            [
              29.48435,
              40.96389
            ],
            [
              29.48253,
              40.962
            ],
            [
              29.47922,
              40.96184
            ],
            [
              29.47974,
              40.96059
            ],
            [
              29.47922,
              40.9577
            ],
            [
              29.47631,
              40.95946
            ],
            [
              29.47475,
              40.95878
            ],
            [
              29.47008,
              40.9532
            ],
            [
              29.46996,
              40.95166
            ],
            [
              29.46662,
              40.95164
            ],
            [
              29.46327,
              40.95096
            ],
            [
              29.46035,
              40.95316
            ],
            [
              29.45658,
              40.95435
            ],
            [
              29.45628,
              40.95226
            ],
            [
              29.45197,
              40.94751
            ],
            [
              29.44371,
              40.94394
            ],
            [
              29.44026,
              40.94379
            ],
            [
              29.4407,
              40.94047
            ],
            [
              29.43742,
              40.93797
            ],
            [
              29.44012,
              40.9357
            ],
            [
              29.43892,
              40.9339
            ],
            [
              29.44197,
              40.93361
            ],
            [
              29.44249,
              40.93295
            ],
            [
              29.44229,
              40.93157
            ],
            [
              29.44291,
              40.93064
            ],
            [
              29.44197,
              40.92944
            ],
            [
              29.44238,
              40.92831
            ],
            [
              29.44164,
              40.92707
            ],
            [
              29.44232,
              40.92012
            ],
            [
              29.44429,
              40.91634
            ],
            [
              29.4466,
              40.91671
            ],
            [
              29.4481,
              40.9154
            ],
            [
              29.44976,
              40.91603
            ],
            [
              29.45035,
              40.91526
            ],
            [
              29.45139,
              40.9156
            ],
            [
              29.45256,
              40.91705
            ],
            [
              29.45619,
              40.91463
            ],
            [
              29.45588,
              40.91289
            ],
            [
              29.4562,
              40.91232
            ],
            [
              29.45439,
              40.91081
            ],
            [
              29.45335,
              40.90925
            ],
            [
              29.44929,
              40.90614
            ],
            [
              29.44686,
              40.90549
            ],
            [
              29.44498,
              40.90307
            ],
            [
              29.44331,
              40.90186
            ],
            [
              29.44327,
              40.90121
            ],
            [
              29.43943,
              40.89968
            ],
            [
              29.43453,
              40.89923
            ],
            [
              29.42206,
              40.89929
            ],
            [
              29.41607,
              40.8978
            ],
            [
              29.41507,
              40.89539
            ],
            [
              29.41599,
              40.88908
            ],
            [
              29.4145,
              40.88705
            ],
            [
              29.41493,
              40.88088
            ],
            [
              29.41371,
              40.87902
            ],
            [
              29.40993,
              40.87979
            ],
            [
              29.40797,
              40.87957
            ],
            [
              29.40693,
              40.88007
            ],
            [
              29.40357,
              40.87979
            ],
            [
              29.40126,
              40.87908
            ],
            [
              29.39974,
              40.8778
            ],
            [
              29.39658,
              40.87626
            ],
            [
              29.3801,
              40.87209
            ],
            [
              29.37526,
              40.8685
            ],
            [
              29.37422,
              40.86848
            ],
            [
              29.37268,
              40.86689
            ],
            [
              29.37195,
              40.86475
            ],
            [
              29.37117,
              40.864
            ],
            [
              29.36948,
              40.86419
            ],
            [
              29.36728,
              40.86288
            ],
            [
              29.36636,
              40.85944
            ],
            [
              29.36441,
              40.85919
            ],
            [
              29.36439,
              40.85837
            ],
            [
              29.36617,
              40.85594
            ],
            [
              29.36772,
              40.85623
            ],
            [
              29.36808,
              40.85585
            ],
            [
              29.36297,
              40.85188
            ],
            [
              29.36163,
              40.84913
            ],
            [
              29.36313,
              40.84905
            ],
            [
              29.36827,
              40.83998
            ],
            [
              29.37012,
              40.83819
            ],
            [
              29.37123,
              40.8379
            ],
            [
              29.36979,
              40.83402
            ],
            [
              29.36816,
              40.83221
            ],
            [
              29.36634,
              40.83116
            ],
            [
              29.36628,
              40.82948
            ],
            [
              29.36413,
              40.82716
            ],
            [
              29.36341,
              40.82369
            ],
            [
              29.36434,
              40.823
            ],
            [
              29.36366,
              40.81966
            ],
            [
              29.36422,
              40.81898
            ],
            [
              29.36304,
              40.81709
            ],
            [
              29.36229,
              40.81643
            ],
            [
              29.35453,
              40.82228
            ],
            [
              29.3503,
              40.82423
            ],
            [
              29.34854,
              40.82406
            ],
            [
              29.34863,
              40.82286
            ],
            [
              29.34274,
              40.81393
            ],
            [
              29.34203,
              40.81386
            ],
            [
              29.34175,
              40.81227
            ],
            [
              29.34003,
              40.81069
            ],
            [
              29.33594,
              40.81267
            ],
            [
              29.33616,
              40.81136
            ],
            [
              29.33468,
              40.8141
            ],
            [
              29.3297,
              40.81661
            ],
            [
              29.32564,
              40.81817
            ],
            [
              29.32522,
              40.81809
            ],
            [
              29.32493,
              40.81711
            ],
            [
              29.32506,
              40.81837
            ],
            [
              29.32416,
              40.81848
            ],
            [
              29.32391,
              40.81758
            ],
            [
              29.32452,
              40.81665
            ],
            [
              29.32286,
              40.81502
            ],
            [
              29.32418,
              40.81658
            ],
            [
              29.32336,
              40.81705
            ],
            [
              29.32269,
              40.81681
            ],
            [
              29.32245,
              40.81716
            ],
            [
              29.32218,
              40.816
            ],
            [
              29.32188,
              40.81687
            ],
            [
              29.32065,
              40.81776
            ],
            [
              29.32158,
              40.81632
            ],
            [
              29.32103,
              40.81536
            ],
            [
              29.32086,
              40.81665
            ],
            [
              29.32043,
              40.81691
            ],
            [
              29.32067,
              40.81529
            ],
            [
              29.32005,
              40.81612
            ],
            [
              29.32004,
              40.81744
            ],
            [
              29.31816,
              40.81713
            ],
            [
              29.31877,
              40.81484
            ],
            [
              29.3205,
              40.81367
            ],
            [
              29.3177,
              40.81374
            ],
            [
              29.31711,
              40.8153
            ],
            [
              29.31592,
              40.81609
            ],
            [
              29.3146,
              40.81465
            ],
            [
              29.31453,
              40.81364
            ],
            [
              29.3179,
              40.81285
            ],
            [
              29.31278,
              40.81321
            ],
            [
              29.31027,
              40.81165
            ],
            [
              29.30903,
              40.8114
            ],
            [
              29.30787,
              40.81164
            ],
            [
              29.30532,
              40.8135
            ],
            [
              29.30185,
              40.81473
            ],
            [
              29.30235,
              40.81487
            ],
            [
              29.30222,
              40.81542
            ],
            [
              29.29717,
              40.81636
            ],
            [
              29.29575,
              40.81614
            ],
            [
              29.29545,
              40.8155
            ],
            [
              29.29486,
              40.81598
            ],
            [
              29.29394,
              40.81567
            ],
            [
              29.29329,
              40.8141
            ],
            [
              29.29479,
              40.81391
            ],
            [
              29.29375,
              40.8138
            ],
            [
              29.29395,
              40.81314
            ],
            [
              29.29447,
              40.81326
            ],
            [
              29.29431,
              40.8129
            ],
            [
              29.29491,
              40.81274
            ],
            [
              29.29521,
              40.81318
            ],
            [
              29.295,
              40.81272
            ],
            [
              29.29699,
              40.81239
            ],
            [
              29.29645,
              40.81219
            ],
            [
              29.2974,
              40.81171
            ],
            [
              29.29325,
              40.8131
            ],
            [
              29.2913,
              40.81275
            ],
            [
              29.28789,
              40.81389
            ],
            [
              29.2862,
              40.81348
            ],
            [
              29.2849,
              40.81234
            ],
            [
              29.27735,
              40.81421
            ],
            [
              29.27588,
              40.81398
            ],
            [
              29.27491,
              40.81315
            ],
            [
              29.27094,
              40.81162
            ],
            [
              29.26789,
              40.81207
            ],
            [
              29.26519,
              40.81147
            ],
            [
              29.26405,
              40.80974
            ],
            [
              29.26468,
              40.80944
            ],
            [
              29.26208,
              40.80995
            ],
            [
              29.26168,
              40.80881
            ],
            [
              29.26433,
              40.80823
            ],
            [
              29.26516,
              40.8095
            ],
            [
              29.26552,
              40.80951
            ],
            [
              29.26389,
              40.80741
            ],
            [
              29.26425,
              40.80674
            ],
            [
              29.2636,
              40.80501
            ],
            [
              29.26214,
              40.8049
            ],
            [
              29.25867,
              40.80298
            ],
            [
              29.25714,
              40.8027
            ],
            [
              29.25743,
              40.80388
            ],
            [
              29.25706,
              40.80511
            ],
            [
              29.25869,
              40.80707
            ],
            [
              29.25867,
              40.80798
            ],
            [
              29.25778,
              40.80897
            ],
            [
              29.2568,
              40.81174
            ],
            [
              29.25522,
              40.81313
            ],
            [
              29.25458,
              40.81456
            ],
            [
              29.25789,
              40.81433
            ],
            [
              29.26335,
              40.81862
            ],
            [
              29.26607,
              40.81894
            ],
            [
              29.26632,
              40.81874
            ],
            [
              29.26441,
              40.81869
            ],
            [
              29.26195,
              40.81644
            ],
            [
              29.26416,
              40.81496
            ],
            [
              29.26737,
              40.81506
            ],
            [
              29.26804,
              40.81583
            ],
            [
              29.26769,
              40.81611
            ],
            [
              29.26809,
              40.81594
            ],
            [
              29.26919,
              40.8172
            ],
            [
              29.2692,
              40.81905
            ],
            [
              29.26965,
              40.81967
            ],
            [
              29.27088,
              40.8202
            ],
            [
              29.27483,
              40.82016
            ],
            [
              29.27554,
              40.8207
            ],
            [
              29.27606,
              40.82328
            ],
            [
              29.27724,
              40.82425
            ],
            [
              29.27848,
              40.82452
            ],
            [
              29.27975,
              40.82651
            ],
            [
              29.27901,
              40.82981
            ],
            [
              29.27768,
              40.83174
            ],
            [
              29.27168,
              40.83181
            ],
            [
              29.26829,
              40.83388
            ],
            [
              29.26735,
              40.834
            ],
            [
              29.26529,
              40.83676
            ],
            [
              29.2641,
              40.83724
            ],
            [
              29.26572,
              40.83722
            ],
            [
              29.26679,
              40.83513
            ],
            [
              29.26943,
              40.83649
            ],
            [
              29.26852,
              40.83788
            ],
            [
              29.2662,
              40.83787
            ],
            [
              29.26633,
              40.83831
            ],
            [
              29.26821,
              40.83803
            ],
            [
              29.26831,
              40.83837
            ],
            [
              29.26641,
              40.83854
            ],
            [
              29.2652,
              40.83893
            ],
            [
              29.26695,
              40.8396
            ],
            [
              29.2667,
              40.8399
            ],
            [
              29.26467,
              40.83909
            ],
            [
              29.26417,
              40.83953
            ],
            [
              29.26343,
              40.83913
            ],
            [
              29.2627,
              40.83996
            ],
            [
              29.2648,
              40.84372
            ],
            [
              29.26547,
              40.84361
            ],
            [
              29.26622,
              40.84447
            ],
            [
              29.26628,
              40.8456
            ],
            [
              29.26528,
              40.8449
            ],
            [
              29.26584,
              40.8459
            ],
            [
              29.26682,
              40.84569
            ],
            [
              29.26704,
              40.84647
            ],
            [
              29.26628,
              40.84673
            ],
            [
              29.26776,
              40.84967
            ],
            [
              29.26859,
              40.8497
            ],
            [
              29.26866,
              40.84918
            ],
            [
              29.27083,
              40.84921
            ],
            [
              29.27127,
              40.85063
            ],
            [
              29.27039,
              40.84544
            ],
            [
              29.26745,
              40.8423
            ],
            [
              29.26972,
              40.84079
            ],
            [
              29.27043,
              40.8391
            ],
            [
              29.27006,
              40.83887
            ],
            [
              29.27112,
              40.8373
            ],
            [
              29.27228,
              40.83638
            ],
            [
              29.27265,
              40.83654
            ],
            [
              29.27327,
              40.83567
            ],
            [
              29.27616,
              40.83514
            ],
            [
              29.27832,
              40.83392
            ],
            [
              29.2799,
              40.83537
            ],
            [
              29.28222,
              40.83427
            ],
            [
              29.28027,
              40.83568
            ],
            [
              29.28425,
              40.83971
            ],
            [
              29.28323,
              40.84152
            ],
            [
              29.28579,
              40.84403
            ],
            [
              29.28699,
              40.84435
            ],
            [
              29.2894,
              40.84297
            ],
            [
              29.29125,
              40.84502
            ],
            [
              29.29155,
              40.84652
            ],
            [
              29.2911,
              40.84807
            ],
            [
              29.2894,
              40.85097
            ],
            [
              29.28902,
              40.8509
            ],
            [
              29.28711,
              40.85481
            ],
            [
              29.28642,
              40.85503
            ],
            [
              29.28555,
              40.85431
            ],
            [
              29.28358,
              40.85428
            ],
            [
              29.28255,
              40.85504
            ],
            [
              29.27886,
              40.85588
            ],
            [
              29.27495,
              40.8556
            ],
            [
              29.27173,
              40.8578
            ],
            [
              29.27147,
              40.8569
            ],
            [
              29.2699,
              40.85674
            ],
            [
              29.27,
              40.8558
            ],
            [
              29.26946,
              40.85674
            ],
            [
              29.26773,
              40.85584
            ],
            [
              29.26739,
              40.85393
            ],
            [
              29.26605,
              40.8542
            ],
            [
              29.26528,
              40.85383
            ],
            [
              29.26391,
              40.85459
            ],
            [
              29.26041,
              40.85504
            ],
            [
              29.25827,
              40.85693
            ],
            [
              29.25452,
              40.8575
            ],
            [
              29.25292,
              40.85858
            ],
            [
              29.25243,
              40.85921
            ],
            [
              29.25512,
              40.85758
            ],
            [
              29.25927,
              40.85706
            ],
            [
              29.26506,
              40.85998
            ],
            [
              29.26048,
              40.86295
            ],
            [
              29.26082,
              40.86324
            ],
            [
              29.26024,
              40.86306
            ],
            [
              29.25937,
              40.86407
            ],
            [
              29.2589,
              40.86395
            ],
            [
              29.25891,
              40.86451
            ],
            [
              29.25663,
              40.86444
            ],
            [
              29.25569,
              40.8629
            ],
            [
              29.25696,
              40.86191
            ],
            [
              29.25615,
              40.86096
            ],
            [
              29.25679,
              40.8598
            ],
            [
              29.25605,
              40.85948
            ],
            [
              29.25517,
              40.86056
            ],
            [
              29.25542,
              40.86145
            ],
            [
              29.25487,
              40.86163
            ],
            [
              29.25468,
              40.86253
            ],
            [
              29.25542,
              40.86276
            ],
            [
              29.25716,
              40.86572
            ],
            [
              29.25624,
              40.86589
            ],
            [
              29.25709,
              40.86598
            ],
            [
              29.25854,
              40.86714
            ],
            [
              29.25695,
              40.86614
            ],
            [
              29.2564,
              40.86618
            ],
            [
              29.25741,
              40.86704
            ],
            [
              29.24052,
              40.87426
            ],
            [
              29.23719,
              40.87507
            ],
            [
              29.23618,
              40.87458
            ],
            [
              29.23625,
              40.8738
            ],
            [
              29.23604,
              40.87456
            ],
            [
              29.2349,
              40.87458
            ],
            [
              29.23426,
              40.87404
            ],
            [
              29.23531,
              40.87365
            ],
            [
              29.23522,
              40.87266
            ],
            [
              29.2357,
              40.87202
            ],
            [
              29.23355,
              40.87084
            ],
            [
              29.23519,
              40.86926
            ],
            [
              29.23964,
              40.86818
            ],
            [
              29.23959,
              40.8677
            ],
            [
              29.23502,
              40.86896
            ],
            [
              29.23346,
              40.87031
            ],
            [
              29.22713,
              40.87106
            ],
            [
              29.22174,
              40.87593
            ],
            [
              29.21702,
              40.87724
            ],
            [
              29.2133,
              40.87925
            ],
            [
              29.20606,
              40.88203
            ],
            [
              29.20679,
              40.88133
            ],
            [
              29.20602,
              40.88153
            ],
            [
              29.20568,
              40.88114
            ],
            [
              29.2057,
              40.88252
            ],
            [
              29.20369,
              40.88327
            ],
            [
              29.20154,
              40.88268
            ],
            [
              29.19807,
              40.88339
            ],
            [
              29.19117,
              40.88626
            ],
            [
              29.19081,
              40.8859
            ],
            [
              29.19256,
              40.88482
            ],
            [
              29.19128,
              40.88522
            ],
            [
              29.19055,
              40.88588
            ],
            [
              29.19073,
              40.88613
            ],
            [
              29.18832,
              40.887
            ],
            [
              29.18782,
              40.88701
            ],
            [
              29.18793,
              40.88657
            ],
            [
              29.18768,
              40.887
            ],
            [
              29.18718,
              40.88683
            ],
            [
              29.18451,
              40.88533
            ],
            [
              29.17939,
              40.88568
            ],
            [
              29.17741,
              40.88688
            ],
            [
              29.17415,
              40.89042
            ],
            [
              29.16696,
              40.8947
            ],
            [
              29.15674,
              40.89978
            ],
            [
              29.1547,
              40.90066
            ],
            [
              29.15433,
              40.90033
            ],
            [
              29.15457,
              40.90069
            ],
            [
              29.15402,
              40.90083
            ],
            [
              29.15186,
              40.90083
            ],
            [
              29.15207,
              40.90134
            ],
            [
              29.15107,
              40.9016
            ],
            [
              29.14759,
              40.90143
            ],
            [
              29.14737,
              40.90093
            ],
            [
              29.14824,
              40.90053
            ],
            [
              29.14716,
              40.90062
            ],
            [
              29.1425,
              40.9026
            ],
            [
              29.13429,
              40.91067
            ],
            [
              29.13363,
              40.91044
            ],
            [
              29.13399,
              40.91075
            ],
            [
              29.13281,
              40.91204
            ],
            [
              29.13199,
              40.91209
            ],
            [
              29.13263,
              40.91233
            ],
            [
              29.13096,
              40.91487
            ],
            [
              29.1306,
              40.91483
            ],
            [
              29.13066,
              40.91536
            ],
            [
              29.13027,
              40.91528
            ],
            [
              29.12895,
              40.91747
            ],
            [
              29.12826,
              40.91806
            ],
            [
              29.12771,
              40.9179
            ],
            [
              29.12822,
              40.91813
            ],
            [
              29.12795,
              40.91902
            ],
            [
              29.12721,
              40.91945
            ],
            [
              29.12316,
              40.91875
            ],
            [
              29.12171,
              40.91957
            ],
            [
              29.11929,
              40.92245
            ],
            [
              29.12278,
              40.92417
            ],
            [
              29.11923,
              40.92254
            ],
            [
              29.11335,
              40.92925
            ],
            [
              29.11334,
              40.93026
            ],
            [
              29.11447,
              40.93227
            ],
            [
              29.11635,
              40.93334
            ],
            [
              29.11434,
              40.93246
            ],
            [
              29.11243,
              40.93011
            ],
            [
              29.11324,
              40.93156
            ],
            [
              29.10667,
              40.93905
            ],
            [
              29.10655,
              40.9398
            ],
            [
              29.10758,
              40.94197
            ],
            [
              29.10724,
              40.94261
            ],
            [
              29.10512,
              40.94372
            ],
            [
              29.10338,
              40.94404
            ],
            [
              29.10549,
              40.94261
            ],
            [
              29.10312,
              40.94398
            ],
            [
              29.10212,
              40.94128
            ],
            [
              29.10193,
              40.93923
            ],
            [
              29.10183,
              40.94093
            ],
            [
              29.10282,
              40.94427
            ],
            [
              29.09954,
              40.94824
            ],
            [
              29.09463,
              40.95211
            ],
            [
              29.09418,
              40.95145
            ],
            [
              29.09381,
              40.95157
            ],
            [
              29.09442,
              40.95215
            ],
            [
              29.09358,
              40.95242
            ],
            [
              29.09051,
              40.95134
            ],
            [
              29.09173,
              40.95065
            ],
            [
              29.09466,
              40.95026
            ],
            [
              29.09448,
              40.94997
            ],
            [
              29.09173,
              40.95037
            ],
            [
              29.08961,
              40.95179
            ],
            [
              29.08885,
              40.95159
            ],
            [
              29.08948,
              40.9523
            ],
            [
              29.08715,
              40.95461
            ],
            [
              29.08389,
              40.9544
            ],
            [
              29.08365,
              40.95365
            ],
            [
              29.08465,
              40.95328
            ],
            [
              29.08442,
              40.95306
            ],
            [
              29.08333,
              40.95353
            ],
            [
              29.08107,
              40.95348
            ],
            [
              29.07929,
              40.95501
            ],
            [
              29.07781,
              40.9553
            ],
            [
              29.07834,
              40.95565
            ],
            [
              29.07719,
              40.95662
            ],
            [
              29.07532,
              40.95704
            ],
            [
              29.07515,
              40.95642
            ],
            [
              29.0704,
              40.95874
            ],
            [
              29.07129,
              40.95878
            ],
            [
              29.07107,
              40.95998
            ],
            [
              29.06882,
              40.96244
            ],
            [
              29.06718,
              40.96272
            ],
            [
              29.06748,
              40.96215
            ],
            [
              29.06681,
              40.96292
            ],
            [
              29.06572,
              40.96296
            ],
            [
              29.06244,
              40.96204
            ],
            [
              29.06084,
              40.96281
            ],
            [
              29.05866,
              40.96282
            ],
            [
              29.05771,
              40.96312
            ],
            [
              29.0585,
              40.9631
            ],
            [
              29.05835,
              40.96401
            ],
            [
              29.05672,
              40.96457
            ],
            [
              29.05616,
              40.96428
            ],
            [
              29.05652,
              40.96371
            ],
            [
              29.0542,
              40.96607
            ],
            [
              29.0535,
              40.96627
            ],
            [
              29.05401,
              40.96659
            ],
            [
              29.05345,
              40.96739
            ],
            [
              29.05206,
              40.96806
            ],
            [
              29.0515,
              40.96791
            ],
            [
              29.05154,
              40.96745
            ],
            [
              29.05083,
              40.96829
            ],
            [
              29.0505,
              40.96776
            ],
            [
              29.0508,
              40.9683
            ],
            [
              29.04877,
              40.96921
            ],
            [
              29.04543,
              40.96957
            ],
            [
              29.0444,
              40.96712
            ],
            [
              29.04183,
              40.96561
            ],
            [
              29.04024,
              40.96615
            ],
            [
              29.03969,
              40.96813
            ],
            [
              29.03825,
              40.96826
            ],
            [
              29.03835,
              40.96863
            ],
            [
              29.03753,
              40.96885
            ],
            [
              29.03653,
              40.96873
            ],
            [
              29.03447,
              40.96645
            ],
            [
              29.03333,
              40.96645
            ],
            [
              29.03239,
              40.96745
            ],
            [
              29.03192,
              40.96732
            ],
            [
              29.03224,
              40.96676
            ],
            [
              29.03143,
              40.96771
            ],
            [
              29.03182,
              40.96818
            ],
            [
              29.03154,
              40.96842
            ],
            [
              29.03242,
              40.96956
            ],
            [
              29.03206,
              40.97005
            ],
            [
              29.0321,
              40.97034
            ],
            [
              29.03244,
              40.96988
            ],
            [
              29.03354,
              40.9705
            ],
            [
              29.03293,
              40.97147
            ],
            [
              29.03369,
              40.97103
            ],
            [
              29.03371,
              40.97387
            ],
            [
              29.03454,
              40.97403
            ],
            [
              29.03384,
              40.97368
            ],
            [
              29.03394,
              40.97101
            ],
            [
              29.03505,
              40.97109
            ],
            [
              29.03658,
              40.96958
            ],
            [
              29.0383,
              40.97094
            ],
            [
              29.03794,
              40.97272
            ],
            [
              29.03759,
              40.97261
            ],
            [
              29.03792,
              40.97282
            ],
            [
              29.03767,
              40.97362
            ],
            [
              29.03706,
              40.9743
            ],
            [
              29.03524,
              40.97384
            ],
            [
              29.03579,
              40.97421
            ],
            [
              29.03471,
              40.97651
            ],
            [
              29.03553,
              40.97703
            ],
            [
              29.03507,
              40.97612
            ],
            [
              29.03617,
              40.97421
            ],
            [
              29.03964,
              40.97539
            ],
            [
              29.03978,
              40.97583
            ],
            [
              29.0396,
              40.97618
            ],
            [
              29.03801,
              40.97581
            ],
            [
              29.0394,
              40.97629
            ],
            [
              29.03877,
              40.97774
            ],
            [
              29.03612,
              40.97688
            ],
            [
              29.03623,
              40.97747
            ],
            [
              29.0382,
              40.97786
            ],
            [
              29.03821,
              40.97854
            ],
            [
              29.0346,
              40.98174
            ],
            [
              29.03364,
              40.98137
            ],
            [
              29.03448,
              40.98208
            ],
            [
              29.03368,
              40.98222
            ],
            [
              29.0321,
              40.98069
            ],
            [
              29.02948,
              40.97969
            ],
            [
              29.02772,
              40.97932
            ],
            [
              29.02685,
              40.97989
            ],
            [
              29.0249,
              40.97978
            ],
            [
              29.02514,
              40.9795
            ],
            [
              29.02524,
              40.97897
            ],
            [
              29.02508,
              40.97885
            ],
            [
              29.02482,
              40.97973
            ],
            [
              29.02391,
              40.97865
            ],
            [
              29.02221,
              40.97828
            ],
            [
              29.02016,
              40.98041
            ],
            [
              29.01984,
              40.98127
            ],
            [
              29.02047,
              40.98342
            ],
            [
              29.0202,
              40.98527
            ],
            [
              29.01673,
              40.99073
            ],
            [
              29.01484,
              40.99257
            ],
            [
              29.01657,
              40.99168
            ],
            [
              29.01674,
              40.99212
            ],
            [
              29.01663,
              40.99166
            ],
            [
              29.01819,
              40.99119
            ],
            [
              29.01828,
              40.99168
            ],
            [
              29.01852,
              40.99108
            ],
            [
              29.01885,
              40.9916
            ],
            [
              29.02036,
              40.9911
            ],
            [
              29.02301,
              40.99212
            ],
            [
              29.02335,
              40.99253
            ],
            [
              29.02245,
              40.99297
            ],
            [
              29.02353,
              40.99276
            ],
            [
              29.02408,
              40.99423
            ],
            [
              29.02368,
              40.99492
            ],
            [
              29.02254,
              40.99516
            ],
            [
              29.02294,
              40.99539
            ],
            [
              29.02255,
              40.99601
            ],
            [
              29.02046,
              40.99628
            ],
            [
              29.01846,
              40.99562
            ],
            [
              29.01753,
              40.99614
            ],
            [
              29.01907,
              40.99702
            ],
            [
              29.01548,
              41.00053
            ],
            [
              29.01155,
              41.0009
            ],
            [
              29.01034,
              41.00267
            ],
            [
              29.01339,
              41.00253
            ],
            [
              29.01244,
              41.00445
            ],
            [
              29.00836,
              41.00486
            ],
            [
              29.00666,
              41.0073
            ],
            [
              29.01036,
              41.00722
            ],
            [
              29.00918,
              41.009
            ],
            [
              29.00741,
              41.0095
            ],
            [
              29.00686,
              41.01095
            ],
            [
              29.00809,
              41.00952
            ],
            [
              29.00983,
              41.00923
            ],
            [
              29.00955,
              41.00963
            ],
            [
              29.01003,
              41.00953
            ],
            [
              29.01005,
              41.01046
            ],
            [
              29.0089,
              41.01091
            ],
            [
              29.0099,
              41.01076
            ],
            [
              29.01101,
              41.01233
            ],
            [
              29.01003,
              41.013
            ],
            [
              29.00944,
              41.01388
            ],
            [
              29.01003,
              41.01319
            ],
            [
              29.01115,
              41.01299
            ],
            [
              29.01057,
              41.01562
            ],
            [
              29.00818,
              41.01793
            ],
            [
              29.00795,
              41.01859
            ],
            [
              29.00833,
              41.0187
            ],
            [
              29.00825,
              41.01808
            ],
            [
              29.00863,
              41.01806
            ],
            [
              29.00862,
              41.01923
            ],
            [
              29.00702,
              41.02064
            ],
            [
              29.00629,
              41.02212
            ],
            [
              29.00745,
              41.02404
            ],
            [
              29.00952,
              41.02596
            ],
            [
              29.01317,
              41.02615
            ],
            [
              29.01538,
              41.02822
            ],
            [
              29.01611,
              41.02831
            ],
            [
              29.01754,
              41.02996
            ],
            [
              29.0201,
              41.03155
            ],
            [
              29.02242,
              41.03213
            ],
            [
              29.03143,
              41.03827
            ],
            [
              29.03533,
              41.03995
            ],
            [
              29.03763,
              41.04149
            ],
            [
              29.03695,
              41.04136
            ],
            [
              29.04102,
              41.04363
            ],
            [
              29.04312,
              41.04402
            ],
            [
              29.04945,
              41.0473
            ],
            [
              29.052,
              41.04814
            ],
            [
              29.05262,
              41.04941
            ],
            [
              29.05218,
              41.04991
            ],
            [
              29.05239,
              41.05042
            ],
            [
              29.0515,
              41.05112
            ],
            [
              29.05163,
              41.05399
            ],
            [
              29.05217,
              41.05591
            ],
            [
              29.05328,
              41.05746
            ],
            [
              29.05242,
              41.0615
            ],
            [
              29.05418,
              41.06304
            ],
            [
              29.05701,
              41.06679
            ],
            [
              29.05713,
              41.06865
            ],
            [
              29.05616,
              41.07053
            ],
            [
              29.05546,
              41.07354
            ],
            [
              29.05628,
              41.07442
            ],
            [
              29.05981,
              41.07487
            ],
            [
              29.06365,
              41.07638
            ],
            [
              29.06522,
              41.0794
            ],
            [
              29.0649,
              41.07971
            ],
            [
              29.0652,
              41.08052
            ],
            [
              29.06624,
              41.0811
            ],
            [
              29.06594,
              41.08207
            ],
            [
              29.06662,
              41.0831
            ],
            [
              29.06692,
              41.08511
            ],
            [
              29.06571,
              41.08843
            ],
            [
              29.06628,
              41.09158
            ],
            [
              29.06559,
              41.09302
            ],
            [
              29.06575,
              41.09369
            ],
            [
              29.06747,
              41.0944
            ],
            [
              29.06507,
              41.09562
            ],
            [
              29.0644,
              41.09769
            ],
            [
              29.06596,
              41.10101
            ],
            [
              29.06617,
              41.10274
            ],
            [
              29.07328,
              41.10701
            ],
            [
              29.07472,
              41.1067
            ],
            [
              29.07805,
              41.10766
            ],
            [
              29.08147,
              41.10711
            ],
            [
              29.08237,
              41.10811
            ],
            [
              29.0819,
              41.10856
            ],
            [
              29.08237,
              41.10857
            ],
            [
              29.08268,
              41.11011
            ],
            [
              29.08364,
              41.11061
            ],
            [
              29.08567,
              41.11324
            ],
            [
              29.08777,
              41.11505
            ],
            [
              29.08963,
              41.11549
            ],
            [
              29.09007,
              41.11608
            ],
            [
              29.09139,
              41.11596
            ],
            [
              29.09119,
              41.11626
            ],
            [
              29.09318,
              41.11637
            ],
            [
              29.09307,
              41.11684
            ],
            [
              29.09342,
              41.11651
            ],
            [
              29.09483,
              41.11691
            ],
            [
              29.0966,
              41.11843
            ],
            [
              29.0978,
              41.12296
            ],
            [
              29.09706,
              41.12371
            ],
            [
              29.09758,
              41.12416
            ],
            [
              29.09761,
              41.12536
            ],
            [
              29.09736,
              41.1251
            ],
            [
              29.0973,
              41.12617
            ],
            [
              29.09699,
              41.12657
            ],
            [
              29.09658,
              41.12637
            ],
            [
              29.09646,
              41.12669
            ],
            [
              29.09691,
              41.12663
            ],
            [
              29.09476,
              41.1283
            ],
            [
              29.09495,
              41.12872
            ],
            [
              29.09354,
              41.13025
            ],
            [
              29.09316,
              41.12999
            ],
            [
              29.09415,
              41.1291
            ],
            [
              29.09393,
              41.12878
            ],
            [
              29.09291,
              41.13014
            ],
            [
              29.09327,
              41.13028
            ],
            [
              29.09163,
              41.13229
            ],
            [
              29.09137,
              41.1344
            ],
            [
              29.09006,
              41.13439
            ],
            [
              29.09017,
              41.13475
            ],
            [
              29.08546,
              41.13691
            ],
            [
              29.08346,
              41.1372
            ],
            [
              29.08035,
              41.13685
            ],
            [
              29.07939,
              41.13739
            ],
            [
              29.07954,
              41.13826
            ],
            [
              29.07818,
              41.13892
            ],
            [
              29.08347,
              41.14044
            ],
            [
              29.07898,
              41.13961
            ],
            [
              29.07647,
              41.14081
            ],
            [
              29.07319,
              41.14124
            ],
            [
              29.07327,
              41.14165
            ],
            [
              29.07169,
              41.14232
            ],
            [
              29.07186,
              41.14317
            ],
            [
              29.07116,
              41.14316
            ],
            [
              29.07186,
              41.14325
            ],
            [
              29.07256,
              41.14575
            ],
            [
              29.07391,
              41.14694
            ],
            [
              29.07285,
              41.14782
            ],
            [
              29.07408,
              41.14711
            ],
            [
              29.0746,
              41.14769
            ],
            [
              29.07442,
              41.1484
            ],
            [
              29.07475,
              41.14776
            ],
            [
              29.0749,
              41.14891
            ],
            [
              29.07523,
              41.14832
            ],
            [
              29.07561,
              41.14878
            ],
            [
              29.07538,
              41.14959
            ],
            [
              29.07565,
              41.14892
            ],
            [
              29.07602,
              41.14954
            ],
            [
              29.07581,
              41.15042
            ],
            [
              29.07608,
              41.1498
            ],
            [
              29.07745,
              41.15238
            ],
            [
              29.07791,
              41.1545
            ],
            [
              29.07735,
              41.15541
            ],
            [
              29.07784,
              41.15527
            ],
            [
              29.07776,
              41.15603
            ],
            [
              29.07652,
              41.15754
            ],
            [
              29.07688,
              41.15739
            ],
            [
              29.07242,
              41.16119
            ],
            [
              29.07306,
              41.16333
            ],
            [
              29.07384,
              41.16407
            ],
            [
              29.07349,
              41.1646
            ],
            [
              29.07578,
              41.16671
            ],
            [
              29.08137,
              41.16735
            ],
            [
              29.08669,
              41.17005
            ],
            [
              29.08799,
              41.17167
            ],
            [
              29.08839,
              41.1731
            ],
            [
              29.0879,
              41.17333
            ],
            [
              29.08818,
              41.17376
            ],
            [
              29.08742,
              41.17485
            ],
            [
              29.08754,
              41.17595
            ],
            [
              29.08665,
              41.17753
            ],
            [
              29.08698,
              41.17857
            ],
            [
              29.09108,
              41.18005
            ],
            [
              29.09416,
              41.18056
            ],
            [
              29.10007,
              41.18068
            ],
            [
              29.10175,
              41.18165
            ],
            [
              29.10317,
              41.18172
            ],
            [
              29.10577,
              41.18067
            ],
            [
              29.10668,
              41.18074
            ],
            [
              29.10742,
              41.18172
            ],
            [
              29.10748,
              41.18313
            ],
            [
              29.10876,
              41.18397
            ],
            [
              29.11066,
              41.18401
            ],
            [
              29.11169,
              41.18308
            ],
            [
              29.11257,
              41.18292
            ],
            [
              29.11291,
              41.18364
            ],
            [
              29.11248,
              41.18366
            ],
            [
              29.11295,
              41.18416
            ],
            [
              29.11267,
              41.18462
            ],
            [
              29.11456,
              41.18491
            ],
            [
              29.11475,
              41.18567
            ],
            [
              29.11561,
              41.18592
            ],
            [
              29.11597,
              41.18655
            ],
            [
              29.11814,
              41.18698
            ],
            [
              29.11862,
              41.18777
            ],
            [
              29.11791,
              41.18783
            ],
            [
              29.1179,
              41.18844
            ],
            [
              29.11971,
              41.19174
            ],
            [
              29.11912,
              41.1925
            ],
            [
              29.119,
              41.1944
            ],
            [
              29.12015,
              41.19671
            ],
            [
              29.11809,
              41.19901
            ],
            [
              29.11774,
              41.19981
            ],
            [
              29.11806,
              41.20028
            ],
            [
              29.12001,
              41.20041
            ],
            [
              29.12224,
              41.20171
            ],
            [
              29.12608,
              41.20242
            ],
            [
              29.12646,
              41.20306
            ],
            [
              29.12667,
              41.20226
            ],
            [
              29.12837,
              41.20218
            ],
            [
              29.13104,
              41.20314
            ],
            [
              29.13159,
              41.20576
            ],
            [
              29.12973,
              41.2074
            ],
            [
              29.12699,
              41.20552
            ],
            [
              29.12772,
              41.20454
            ],
            [
              29.12655,
              41.20546
            ],
            [
              29.12539,
              41.20482
            ],
            [
              29.13004,
              41.20842
            ],
            [
              29.13175,
              41.20868
            ],
            [
              29.1329,
              41.20813
            ],
            [
              29.13319,
              41.2093
            ],
            [
              29.13506,
              41.20896
            ],
            [
              29.13601,
              41.20982
            ],
            [
              29.13695,
              41.20991
            ],
            [
              29.13763,
              41.21133
            ],
            [
              29.13956,
              41.21165
            ],
            [
              29.14047,
              41.21251
            ],
            [
              29.14156,
              41.21237
            ],
            [
              29.14163,
              41.21298
            ],
            [
              29.14348,
              41.21237
            ],
            [
              29.14368,
              41.21284
            ],
            [
              29.14493,
              41.21205
            ],
            [
              29.14661,
              41.21184
            ],
            [
              29.14802,
              41.21206
            ],
            [
              29.14786,
              41.2126
            ],
            [
              29.14831,
              41.21295
            ],
            [
              29.1499,
              41.21304
            ],
            [
              29.15221,
              41.21474
            ],
            [
              29.15176,
              41.21513
            ],
            [
              29.1523,
              41.21605
            ],
            [
              29.15084,
              41.21738
            ],
            [
              29.15073,
              41.21808
            ],
            [
              29.15155,
              41.21861
            ],
            [
              29.15195,
              41.218
            ],
            [
              29.15243,
              41.21844
            ],
            [
              29.15353,
              41.21837
            ],
            [
              29.15446,
              41.21936
            ],
            [
              29.15404,
              41.2196
            ],
            [
              29.15487,
              41.21921
            ],
            [
              29.15482,
              41.21869
            ],
            [
              29.15558,
              41.21916
            ],
            [
              29.15704,
              41.21844
            ],
            [
              29.1602,
              41.21796
            ],
            [
              29.16075,
              41.2171
            ],
            [
              29.16202,
              41.21748
            ],
            [
              29.16275,
              41.21805
            ],
            [
              29.16275,
              41.21942
            ],
            [
              29.16209,
              41.21976
            ],
            [
              29.16319,
              41.21982
            ],
            [
              29.16295,
              41.22037
            ],
            [
              29.16366,
              41.22116
            ],
            [
              29.16334,
              41.22206
            ],
            [
              29.16407,
              41.22212
            ],
            [
              29.16545,
              41.22446
            ],
            [
              29.16803,
              41.22418
            ],
            [
              29.16848,
              41.22474
            ],
            [
              29.16946,
              41.22485
            ],
            [
              29.17108,
              41.22428
            ],
            [
              29.17235,
              41.22443
            ],
            [
              29.17319,
              41.22395
            ],
            [
              29.17302,
              41.22343
            ],
            [
              29.17423,
              41.22204
            ],
            [
              29.17578,
              41.22155
            ],
            [
              29.1766,
              41.22195
            ],
            [
              29.17636,
              41.22254
            ],
            [
              29.17699,
              41.22256
            ],
            [
              29.17971,
              41.22136
            ],
            [
              29.18237,
              41.22177
            ],
            [
              29.18278,
              41.22119
            ],
            [
              29.18232,
              41.22105
            ],
            [
              29.19212,
              41.22019
            ],
            [
              29.19757,
              41.22032
            ],
            [
              29.20071,
              41.22191
            ],
            [
              29.20083,
              41.22258
            ],
            [
              29.19944,
              41.22336
            ],
            [
              29.20008,
              41.22405
            ],
            [
              29.20194,
              41.22342
            ],
            [
              29.20114,
              41.22266
            ],
            [
              29.20141,
              41.22204
            ],
            [
              29.20418,
              41.22146
            ],
            [
              29.21059,
              41.22213
            ],
            [
              29.21416,
              41.22348
            ],
            [
              29.21456,
              41.22388
            ],
            [
              29.21391,
              41.22453
            ],
            [
              29.21473,
              41.22394
            ],
            [
              29.21521,
              41.22424
            ],
            [
              29.21467,
              41.22473
            ],
            [
              29.21526,
              41.22454
            ],
            [
              29.21685,
              41.22601
            ],
            [
              29.21388,
              41.22998
            ],
            [
              29.21506,
              41.23131
            ],
            [
              29.21563,
              41.23082
            ],
            [
              29.21801,
              41.2307
            ],
            [
              29.21863,
              41.23134
            ],
            [
              29.21851,
              41.23064
            ],
            [
              29.21898,
              41.23027
            ],
            [
              29.2186,
              41.22947
            ],
            [
              29.2195,
              41.22895
            ],
            [
              29.2229,
              41.22914
            ],
            [
              29.22306,
              41.23013
            ],
            [
              29.22395,
              41.23058
            ],
            [
              29.225,
              41.22956
            ],
            [
              29.2289,
              41.22815
            ],
            [
              29.23128,
              41.22901
            ],
            [
              29.2328,
              41.22868
            ],
            [
              29.23305,
              41.22933
            ],
            [
              29.23247,
              41.22981
            ],
            [
              29.23376,
              41.2296
            ],
            [
              29.23411,
              41.23012
            ],
            [
              29.23574,
              41.22853
            ],
            [
              29.23784,
              41.22934
            ],
            [
              29.23871,
              41.22856
            ],
            [
              29.24137,
              41.22788
            ],
            [
              29.24405,
              41.229
            ],
            [
              29.24437,
              41.22981
            ],
            [
              29.24511,
              41.23006
            ],
            [
              29.24563,
              41.23197
            ],
            [
              29.25007,
              41.23239
            ],
            [
              29.2517,
              41.23411
            ],
            [
              29.25489,
              41.23423
            ],
            [
              29.25599,
              41.23468
            ],
            [
              29.25635,
              41.23533
            ],
            [
              29.25703,
              41.23502
            ],
            [
              29.25699,
              41.23411
            ],
            [
              29.2574,
              41.23397
            ],
            [
              29.25708,
              41.23347
            ],
            [
              29.25747,
              41.23296
            ],
            [
              29.25672,
              41.23225
            ],
            [
              29.25667,
              41.23147
            ],
            [
              29.25792,
              41.23047
            ],
            [
              29.25867,
              41.23081
            ],
            [
              29.26211,
              41.23055
            ],
            [
              29.26543,
              41.23121
            ],
            [
              29.26546,
              41.23024
            ],
            [
              29.26658,
              41.23049
            ],
            [
              29.26752,
              41.22985
            ],
            [
              29.26716,
              41.2291
            ],
            [
              29.26765,
              41.22802
            ],
            [
              29.26978,
              41.22948
            ],
            [
              29.27072,
              41.22962
            ],
            [
              29.27149,
              41.22926
            ],
            [
              29.27126,
              41.22844
            ],
            [
              29.27206,
              41.22791
            ],
            [
              29.27779,
              41.22787
            ],
            [
              29.28081,
              41.22666
            ],
            [
              29.28079,
              41.22614
            ],
            [
              29.28181,
              41.22599
            ],
            [
              29.28279,
              41.22495
            ],
            [
              29.28449,
              41.22479
            ],
            [
              29.28447,
              41.22427
            ],
            [
              29.2865,
              41.2241
            ],
            [
              29.28993,
              41.2226
            ],
            [
              29.29559,
              41.22161
            ],
            [
              29.29711,
              41.22224
            ],
            [
              29.30172,
              41.22162
            ],
            [
              29.3017,
              41.22111
            ],
            [
              29.30271,
              41.22096
            ],
            [
              29.30442,
              41.22131
            ],
            [
              29.30441,
              41.2208
            ],
            [
              29.30643,
              41.22037
            ],
            [
              29.30881,
              41.22032
            ],
            [
              29.30985,
              41.22081
            ],
            [
              29.31319,
              41.21921
            ],
            [
              29.31559,
              41.21931
            ],
            [
              29.31897,
              41.21663
            ],
            [
              29.32021,
              41.21693
            ],
            [
              29.32566,
              41.21644
            ],
            [
              29.32731,
              41.21705
            ],
            [
              29.32803,
              41.21596
            ],
            [
              29.32959,
              41.21658
            ],
            [
              29.33,
              41.21559
            ],
            [
              29.33077,
              41.21571
            ],
            [
              29.3311,
              41.21531
            ],
            [
              29.3321,
              41.21574
            ],
            [
              29.3319,
              41.21605
            ],
            [
              29.33248,
              41.21663
            ],
            [
              29.33368,
              41.21631
            ],
            [
              29.33387,
              41.2155
            ],
            [
              29.33497,
              41.21553
            ],
            [
              29.33647,
              41.21461
            ],
            [
              29.3381,
              41.21513
            ],
            [
              29.33886,
              41.21458
            ],
            [
              29.33908,
              41.21528
            ],
            [
              29.33991,
              41.21533
            ],
            [
              29.34407,
              41.21387
            ],
            [
              29.34566,
              41.21457
            ],
            [
              29.34529,
              41.21381
            ],
            [
              29.34663,
              41.21292
            ],
            [
              29.34931,
              41.21224
            ],
            [
              29.3512,
              41.21308
            ],
            [
              29.35204,
              41.21239
            ],
            [
              29.35307,
              41.21275
            ],
            [
              29.35435,
              41.21175
            ],
            [
              29.35728,
              41.21078
            ],
            [
              29.35777,
              41.21111
            ],
            [
              29.36184,
              41.21077
            ],
            [
              29.36663,
              41.2117
            ],
            [
              29.36865,
              41.21115
            ],
            [
              29.36969,
              41.21164
            ],
            [
              29.37042,
              41.21137
            ],
            [
              29.37216,
              41.21236
            ],
            [
              29.37453,
              41.21231
            ],
            [
              29.3749,
              41.21295
            ],
            [
              29.37624,
              41.21253
            ],
            [
              29.37689,
              41.21175
            ],
            [
              29.37858,
              41.21146
            ],
            [
              29.38064,
              41.21193
            ],
            [
              29.38204,
              41.21306
            ],
            [
              29.38511,
              41.21338
            ],
            [
              29.38953,
              41.21495
            ],
            [
              29.38998,
              41.2134
            ],
            [
              29.39149,
              41.21299
            ],
            [
              29.3924,
              41.2122
            ],
            [
              29.39458,
              41.21242
            ],
            [
              29.39439,
              41.212
            ],
            [
              29.39518,
              41.21162
            ],
            [
              29.3961,
              41.21212
            ],
            [
              29.39989,
              41.21027
            ],
            [
              29.40462,
              41.20938
            ],
            [
              29.4087,
              41.20929
            ],
            [
              29.41506,
              41.20685
            ],
            [
              29.42146,
              41.20517
            ],
            [
              29.42451,
              41.20485
            ],
            [
              29.44063,
              41.19976
            ],
            [
              29.44808,
              41.19817
            ],
            [
              29.45484,
              41.19805
            ],
            [
              29.45938,
              41.19701
            ],
            [
              29.46357,
              41.19517
            ],
            [
              29.46996,
              41.19336
            ],
            [
              29.48142,
              41.19093
            ],
            [
              29.4814,
              41.19042
            ],
            [
              29.48982,
              41.18831
            ],
            [
              29.50297,
              41.18572
            ],
            [
              29.50464,
              41.18491
            ],
            [
              29.50936,
              41.18404
            ],
            [
              29.51072,
              41.18401
            ],
            [
              29.51177,
              41.18475
            ],
            [
              29.51853,
              41.18384
            ],
            [
              29.5276,
              41.18107
            ],
            [
              29.54076,
              41.17873
            ],
            [
              29.564,
              41.17359
            ],
            [
              29.57786,
              41.17174
            ],
            [
              29.59102,
              41.17073
            ],
            [
              29.59706,
              41.17125
            ],
            [
              29.60127,
              41.17305
            ],
            [
              29.60363,
              41.17527
            ],
            [
              29.60346,
              41.17645
            ],
            [
              29.60219,
              41.1769
            ],
            [
              29.60242,
              41.17718
            ],
            [
              29.60178,
              41.17787
            ],
            [
              29.60323,
              41.17701
            ],
            [
              29.60365,
              41.17708
            ],
            [
              29.60334,
              41.17749
            ],
            [
              29.60387,
              41.17756
            ],
            [
              29.60401,
              41.17618
            ],
            [
              29.60589,
              41.17643
            ],
            [
              29.60917,
              41.17808
            ],
            [
              29.60855,
              41.17899
            ],
            [
              29.60909,
              41.17925
            ],
            [
              29.6089,
              41.18001
            ],
            [
              29.6063,
              41.18107
            ],
            [
              29.6017,
              41.17877
            ],
            [
              29.59977,
              41.17867
            ],
            [
              29.60157,
              41.17896
            ],
            [
              29.60737,
              41.18215
            ],
            [
              29.60791,
              41.18159
            ],
            [
              29.60756,
              41.18122
            ],
            [
              29.60886,
              41.18038
            ],
            [
              29.60935,
              41.18069
            ],
            [
              29.60952,
              41.17996
            ],
            [
              29.61013,
              41.17974
            ],
            [
              29.61112,
              41.17982
            ],
            [
              29.61169,
              41.18045
            ],
            [
              29.61164,
              41.18005
            ],
            [
              29.61221,
              41.17991
            ],
            [
              29.61249,
              41.18084
            ],
            [
              29.6141,
              41.18097
            ],
            [
              29.61461,
              41.17979
            ],
            [
              29.61402,
              41.17902
            ],
            [
              29.61434,
              41.17854
            ],
            [
              29.61608,
              41.17832
            ],
            [
              29.61617,
              41.17917
            ],
            [
              29.61665,
              41.17925
            ],
            [
              29.61794,
              41.17874
            ],
            [
              29.61761,
              41.17823
            ],
            [
              29.61822,
              41.17757
            ],
            [
              29.6198,
              41.17851
            ],
            [
              29.61996,
              41.17948
            ],
            [
              29.62277,
              41.17869
            ],
            [
              29.6233,
              41.17916
            ],
            [
              29.62275,
              41.17941
            ],
            [
              29.62293,
              41.17976
            ],
            [
              29.62434,
              41.17966
            ],
            [
              29.62394,
              41.17945
            ],
            [
              29.62414,
              41.17876
            ],
            [
              29.62552,
              41.17799
            ],
            [
              29.62422,
              41.17712
            ],
            [
              29.6242,
              41.17619
            ],
            [
              29.62488,
              41.17531
            ],
            [
              29.62858,
              41.17421
            ],
            [
              29.62884,
              41.17494
            ],
            [
              29.63001,
              41.17528
            ],
            [
              29.62945,
              41.17429
            ],
            [
              29.63055,
              41.17382
            ],
            [
              29.63326,
              41.1743
            ],
            [
              29.63365,
              41.17398
            ],
            [
              29.63293,
              41.17359
            ],
            [
              29.6327,
              41.17263
            ],
            [
              29.63586,
              41.17072
            ],
            [
              29.64181,
              41.16956
            ],
            [
              29.64434,
              41.17025
            ],
            [
              29.6445,
              41.17118
            ],
            [
              29.64396,
              41.17165
            ],
            [
              29.64495,
              41.17203
            ],
            [
              29.64612,
              41.17109
            ],
            [
              29.64545,
              41.17118
            ],
            [
              29.64489,
              41.17064
            ],
            [
              29.64529,
              41.16955
            ],
            [
              29.6486,
              41.16802
            ],
            [
              29.66005,
              41.16509
            ],
            [
              29.66544,
              41.1651
            ],
            [
              29.66637,
              41.16622
            ],
            [
              29.66627,
              41.16671
            ],
            [
              29.66835,
              41.1666
            ],
            [
              29.67102,
              41.16551
            ],
            [
              29.67231,
              41.16368
            ],
            [
              29.67333,
              41.16379
            ],
            [
              29.67331,
              41.16328
            ],
            [
              29.67601,
              41.16296
            ],
            [
              29.67599,
              41.16244
            ],
            [
              29.67905,
              41.16237
            ],
            [
              29.67903,
              41.16186
            ],
            [
              29.68178,
              41.16282
            ],
            [
              29.68181,
              41.16333
            ],
            [
              29.6835,
              41.16317
            ],
            [
              29.68556,
              41.16376
            ],
            [
              29.68554,
              41.16325
            ],
            [
              29.68691,
              41.1636
            ],
            [
              29.68993,
              41.16263
            ],
            [
              29.68995,
              41.16315
            ],
            [
              29.69063,
              41.16313
            ],
            [
              29.69066,
              41.1639
            ],
            [
              29.69134,
              41.16388
            ],
            [
              29.69162,
              41.16259
            ],
            [
              29.69283,
              41.16308
            ],
            [
              29.69303,
              41.16371
            ],
            [
              29.6944,
              41.16394
            ],
            [
              29.69643,
              41.16376
            ],
            [
              29.69639,
              41.16274
            ],
            [
              29.69707,
              41.16272
            ],
            [
              29.69746,
              41.164
            ],
            [
              29.70086,
              41.16404
            ],
            [
              29.70117,
              41.1634
            ],
            [
              29.70322,
              41.16386
            ],
            [
              29.70333,
              41.16232
            ],
            [
              29.70278,
              41.1613
            ],
            [
              29.70547,
              41.1606
            ],
            [
              29.70548,
              41.15988
            ],
            [
              29.70613,
              41.15968
            ],
            [
              29.71591,
              41.15843
            ],
            [
              29.71726,
              41.15814
            ],
            [
              29.71757,
              41.15749
            ],
            [
              29.71963,
              41.15796
            ],
            [
              29.723,
              41.15736
            ],
            [
              29.72426,
              41.15759
            ],
            [
              29.72431,
              41.15684
            ],
            [
              29.72497,
              41.15665
            ],
            [
              29.72835,
              41.15665
            ],
            [
              29.73076,
              41.15538
            ],
            [
              29.73284,
              41.15559
            ],
            [
              29.7333,
              41.15522
            ],
            [
              29.73431,
              41.15594
            ],
            [
              29.73395,
              41.1564
            ],
            [
              29.7359,
              41.15596
            ],
            [
              29.73627,
              41.15699
            ],
            [
              29.73742,
              41.15708
            ],
            [
              29.73753,
              41.15821
            ],
            [
              29.73817,
              41.15786
            ],
            [
              29.73786,
              41.15817
            ],
            [
              29.73958,
              41.15882
            ],
            [
              29.74085,
              41.1582
            ],
            [
              29.74132,
              41.15864
            ],
            [
              29.74095,
              41.15907
            ],
            [
              29.74173,
              41.15893
            ],
            [
              29.74153,
              41.15949
            ],
            [
              29.74195,
              41.15994
            ],
            [
              29.74347,
              41.16014
            ],
            [
              29.74513,
              41.1597
            ],
            [
              29.74489,
              41.15934
            ],
            [
              29.74598,
              41.15934
            ],
            [
              29.74814,
              41.16004
            ],
            [
              29.748,
              41.15976
            ],
            [
              29.74854,
              41.15987
            ],
            [
              29.74819,
              41.1594
            ],
            [
              29.74865,
              41.15882
            ],
            [
              29.75096,
              41.15896
            ],
            [
              29.75214,
              41.16012
            ],
            [
              29.75118,
              41.16101
            ],
            [
              29.75242,
              41.16145
            ],
            [
              29.75369,
              41.16099
            ],
            [
              29.75304,
              41.16045
            ],
            [
              29.75336,
              41.15848
            ],
            [
              29.756,
              41.1572
            ],
            [
              29.75701,
              41.15747
            ],
            [
              29.75863,
              41.15903
            ],
            [
              29.76338,
              41.15898
            ],
            [
              29.76603,
              41.15959
            ],
            [
              29.76671,
              41.15999
            ],
            [
              29.76648,
              41.1604
            ],
            [
              29.76714,
              41.16055
            ],
            [
              29.77412,
              41.15852
            ],
            [
              29.77505,
              41.15851
            ],
            [
              29.77495,
              41.15905
            ],
            [
              29.77584,
              41.15851
            ],
            [
              29.77614,
              41.15858
            ],
            [
              29.77576,
              41.15881
            ],
            [
              29.77659,
              41.15868
            ],
            [
              29.77694,
              41.15849
            ],
            [
              29.77534,
              41.15716
            ],
            [
              29.77666,
              41.15603
            ],
            [
              29.7778,
              41.15613
            ],
            [
              29.77843,
              41.15674
            ],
            [
              29.77772,
              41.15758
            ],
            [
              29.77993,
              41.15843
            ],
            [
              29.78026,
              41.15834
            ],
            [
              29.77995,
              41.15777
            ],
            [
              29.7806,
              41.15793
            ],
            [
              29.78113,
              41.15699
            ],
            [
              29.7834,
              41.15753
            ],
            [
              29.78433,
              41.15685
            ],
            [
              29.78946,
              41.15539
            ],
            [
              29.79016,
              41.15446
            ],
            [
              29.78992,
              41.1534
            ],
            [
              29.7889,
              41.15215
            ],
            [
              29.78935,
              41.15173
            ],
            [
              29.79327,
              41.15388
            ],
            [
              29.79565,
              41.15304
            ],
            [
              29.7955,
              41.15366
            ],
            [
              29.79616,
              41.15366
            ],
            [
              29.79926,
              41.15228
            ],
            [
              29.80187,
              41.15196
            ],
            [
              29.80419,
              41.15062
            ],
            [
              29.80613,
              41.1504
            ],
            [
              29.8083,
              41.14926
            ],
            [
              29.80895,
              41.14806
            ],
            [
              29.81225,
              41.14777
            ],
            [
              29.81784,
              41.14478
            ],
            [
              29.81954,
              41.1434
            ],
            [
              29.84361,
              41.13943
            ],
            [
              29.84598,
              41.13864
            ],
            [
              29.85047,
              41.13917
            ],
            [
              29.85182,
              41.13997
            ],
            [
              29.85141,
              41.14095
            ],
            [
              29.85344,
              41.13956
            ],
            [
              29.85534,
              41.13931
            ],
            [
              29.85211,
              41.14182
            ],
            [
              29.85384,
              41.14134
            ],
            [
              29.85541,
              41.14298
            ],
            [
              29.86132,
              41.14362
            ],
            [
              29.86186,
              41.14362
            ],
            [
              29.86288,
              41.14224
            ],
            [
              29.86442,
              41.14136
            ],
            [
              29.86587,
              41.14129
            ],
            [
              29.8698,
              41.14258
            ],
            [
              29.87002,
              41.14175
            ],
            [
              29.87059,
              41.14156
            ],
            [
              29.87148,
              41.14185
            ],
            [
              29.87127,
              41.14235
            ],
            [
              29.87435,
              41.14202
            ],
            [
              29.8733,
              41.14136
            ],
            [
              29.87331,
              41.14056
            ],
            [
              29.87443,
              41.13936
            ],
            [
              29.8757,
              41.13882
            ],
            [
              29.87919,
              41.13942
            ],
            [
              29.87991,
              41.14017
            ],
            [
              29.87956,
              41.14039
            ],
            [
              29.88053,
              41.14057
            ],
            [
              29.88055,
              41.14108
            ],
            [
              29.88362,
              41.14137
            ],
            [
              29.88434,
              41.14227
            ],
            [
              29.8884,
              41.14204
            ],
            [
              29.88909,
              41.14215
            ],
            [
              29.88911,
              41.14266
            ],
            [
              29.8935,
              41.14204
            ],
            [
              29.8937,
              41.1428
            ],
            [
              29.89525,
              41.1434
            ],
            [
              29.89624,
              41.14261
            ],
            [
              29.8976,
              41.1427
            ],
            [
              29.89797,
              41.14334
            ],
            [
              29.90034,
              41.14328
            ],
            [
              29.90166,
              41.14247
            ],
            [
              29.90508,
              41.1429
            ],
            [
              29.90679,
              41.14233
            ],
            [
              29.90764,
              41.14066
            ],
            [
              29.90802,
              41.1408
            ],
            [
              29.90817,
              41.14259
            ],
            [
              29.90951,
              41.1433
            ],
            [
              29.91121,
              41.14339
            ],
            [
              29.91152,
              41.14274
            ],
            [
              29.91287,
              41.14258
            ],
            [
              29.91285,
              41.14206
            ],
            [
              29.91661,
              41.14261
            ],
            [
              29.91818,
              41.14155
            ],
            [
              29.91415,
              41.13963
            ],
            [
              29.91626,
              41.13636
            ],
            [
              29.91576,
              41.12484
            ],
            [
              29.91012,
              41.12027
            ],
            [
              29.9108,
              41.11916
            ],
            [
              29.91199,
              41.11902
            ],
            [
              29.91284,
              41.11961
            ],
            [
              29.91298,
              41.12049
            ],
            [
              29.91355,
              41.12077
            ],
            [
              29.91441,
              41.12028
            ],
            [
              29.91399,
              41.11887
            ],
            [
              29.91177,
              41.11843
            ],
            [
              29.91531,
              41.11182
            ],
            [
              29.91377,
              41.1067
            ],
            [
              29.9167,
              41.10066
            ],
            [
              29.91873,
              41.09886
            ],
            [
              29.92744,
              41.09784
            ],
            [
              29.92967,
              41.09694
            ],
            [
              29.93651,
              41.09856
            ],
            [
              29.93917,
              41.09725
            ],
            [
              29.94359,
              41.09747
            ],
            [
              29.94663,
              41.09941
            ],
            [
              29.9544,
              41.09879
            ],
            [
              29.95645,
              41.09527
            ],
            [
              29.95789,
              41.09402
            ],
            [
              29.95815,
              41.09233
            ],
            [
              29.95545,
              41.08964
            ],
            [
              29.9571,
              41.0861
            ],
            [
              29.95724,
              41.08371
            ],
            [
              29.95357,
              41.08277
            ],
            [
              29.95411,
              41.07994
            ],
            [
              29.94172,
              41.08362
            ],
            [
              29.93774,
              41.08663
            ],
            [
              29.9338,
              41.08652
            ],
            [
              29.93163,
              41.08759
            ],
            [
              29.92943,
              41.08728
            ],
            [
              29.92924,
              41.08635
            ],
            [
              29.91929,
              41.08788
            ],
            [
              29.91802,
              41.08618
            ],
            [
              29.9181,
              41.0869
            ],
            [
              29.91741,
              41.08739
            ],
            [
              29.91108,
              41.08788
            ],
            [
              29.90898,
              41.0892
            ],
            [
              29.90761,
              41.09075
            ],
            [
              29.90475,
              41.09187
            ],
            [
              29.9025,
              41.09176
            ],
            [
              29.90034,
              41.0909
            ],
            [
              29.89255,
              41.0932
            ],
            [
              29.89126,
              41.09302
            ],
            [
              29.89211,
              41.08576
            ],
            [
              29.88632,
              41.07984
            ],
            [
              29.88794,
              41.07747
            ],
            [
              29.88832,
              41.07567
            ],
            [
              29.89142,
              41.07104
            ],
            [
              29.89197,
              41.06374
            ],
            [
              29.89091,
              41.06258
            ],
            [
              29.88634,
              41.06291
            ],
            [
              29.88681,
              41.05828
            ],
            [
              29.88047,
              41.05483
            ],
            [
              29.881,
              41.05305
            ],
            [
              29.87935,
              41.05137
            ],
            [
              29.88054,
              41.0496
            ],
            [
              29.87961,
              41.04666
            ],
            [
              29.88067,
              41.0407
            ],
            [
              29.86932,
              41.04191
            ],
            [
              29.86705,
              41.04071
            ],
            [
              29.86602,
              41.03796
            ],
            [
              29.86317,
              41.03667
            ],
            [
              29.86101,
              41.03168
            ],
            [
              29.85519,
              41.02965
            ],
            [
              29.84881,
              41.02521
            ],
            [
              29.84579,
              41.02204
            ],
            [
              29.84133,
              41.02202
            ],
            [
              29.83479,
              41.01584
            ],
            [
              29.83204,
              41.01468
            ],
            [
              29.82877,
              41.01489
            ],
            [
              29.82655,
              41.01327
            ],
            [
              29.82432,
              41.01416
            ],
            [
              29.82275,
              41.01323
            ],
            [
              29.81927,
              41.01499
            ],
            [
              29.81726,
              41.01511
            ],
            [
              29.81609,
              41.01447
            ],
            [
              29.8138,
              41.01462
            ],
            [
              29.81156,
              41.01629
            ],
            [
              29.811,
              41.01809
            ],
            [
              29.80862,
              41.02019
            ],
            [
              29.80844,
              41.01968
            ],
            [
              29.80428,
              41.01955
            ],
            [
              29.80028,
              41.02071
            ],
            [
              29.79593,
              41.01996
            ],
            [
              29.79426,
              41.01908
            ],
            [
              29.79341,
              41.02006
            ],
            [
              29.7915,
              41.01924
            ],
            [
              29.78996,
              41.02026
            ],
            [
              29.78573,
              41.02155
            ],
            [
              29.785,
              41.02389
            ],
            [
              29.782,
              41.0256
            ],
            [
              29.78047,
              41.02543
            ],
            [
              29.77836,
              41.02739
            ],
            [
              29.77124,
              41.02525
            ],
            [
              29.76497,
              41.02548
            ],
            [
              29.76456,
              41.02683
            ],
            [
              29.76114,
              41.02717
            ],
            [
              29.75902,
              41.02724
            ],
            [
              29.75635,
              41.02656
            ],
            [
              29.75369,
              41.02773
            ],
            [
              29.75061,
              41.03199
            ],
            [
              29.74737,
              41.03332
            ],
            [
              29.7464,
              41.03435
            ],
            [
              29.74499,
              41.03477
            ],
            [
              29.74261,
              41.03416
            ],
            [
              29.74213,
              41.03503
            ],
            [
              29.74066,
              41.03596
            ],
            [
              29.73881,
              41.03584
            ],
            [
              29.73751,
              41.03464
            ],
            [
              29.73643,
              41.03484
            ],
            [
              29.7369,
              41.03566
            ],
            [
              29.73634,
              41.03714
            ],
            [
              29.73654,
              41.04049
            ],
            [
              29.73601,
              41.04134
            ],
            [
              29.73243,
              41.04218
            ],
            [
              29.72982,
              41.0411
            ],
            [
              29.72888,
              41.03889
            ],
            [
              29.72694,
              41.03668
            ],
            [
              29.72626,
              41.03457
            ],
            [
              29.72358,
              41.03254
            ],
            [
              29.72304,
              41.03152
            ],
            [
              29.7214,
              41.03116
            ],
            [
              29.71803,
              41.03175
            ],
            [
              29.7184,
              41.03097
            ],
            [
              29.71714,
              41.02969
            ],
            [
              29.71757,
              41.02917
            ],
            [
              29.71879,
              41.02935
            ],
            [
              29.71832,
              41.02851
            ],
            [
              29.71881,
              41.02801
            ],
            [
              29.71815,
              41.02751
            ],
            [
              29.71374,
              41.02994
            ],
            [
              29.70727,
              41.03197
            ],
            [
              29.70442,
              41.03448
            ],
            [
              29.70443,
              41.03177
            ],
            [
              29.70578,
              41.02988
            ],
            [
              29.70583,
              41.02861
            ],
            [
              29.69989,
              41.02836
            ],
            [
              29.69937,
              41.02709
            ],
            [
              29.69963,
              41.02663
            ],
            [
              29.69755,
              41.02569
            ],
            [
              29.69615,
              41.02441
            ],
            [
              29.69641,
              41.02262
            ],
            [
              29.69716,
              41.02102
            ],
            [
              29.6986,
              41.02016
            ],
            [
              29.70222,
              41.0163
            ],
            [
              29.70459,
              41.01613
            ],
            [
              29.70515,
              41.01562
            ],
            [
              29.70707,
              41.01261
            ],
            [
              29.71001,
              41.01161
            ],
            [
              29.71348,
              41.01276
            ],
            [
              29.71424,
              41.01117
            ],
            [
              29.71743,
              41.00971
            ],
            [
              29.71895,
              41.00843
            ],
            [
              29.71948,
              41.00774
            ],
            [
              29.71821,
              41.00527
            ],
            [
              29.71806,
              41.0029
            ],
            [
              29.71169,
              41.00211
            ],
            [
              29.71205,
              41.00113
            ],
            [
              29.71166,
              41.00046
            ],
            [
              29.71064,
              41.00003
            ],
            [
              29.70626,
              40.99613
            ],
            [
              29.70313,
              40.99466
            ],
            [
              29.70083,
              40.99005
            ],
            [
              29.69201,
              40.98878
            ],
            [
              29.69102,
              40.98453
            ],
            [
              29.6894,
              40.98474
            ],
            [
              29.68838,
              40.98391
            ],
            [
              29.69071,
              40.98237
            ],
            [
              29.69107,
              40.98134
            ],
            [
              29.68963,
              40.97963
            ],
            [
              29.68762,
              40.97993
            ],
            [
              29.68601,
              40.9796
            ],
            [
              29.68381,
              40.97709
            ],
            [
              29.6833,
              40.97104
            ],
            [
              29.68292,
              40.97091
            ],
            [
              29.6835,
              40.96996
            ],
            [
              29.67914,
              40.96602
            ],
            [
              29.67669,
              40.96441
            ],
            [
              29.67479,
              40.96446
            ],
            [
              29.67391,
              40.96503
            ],
            [
              29.6732,
              40.96449
            ],
            [
              29.67186,
              40.9648
            ],
            [
              29.6717,
              40.96643
            ],
            [
              29.66879,
              40.96496
            ],
            [
              29.66866,
              40.96403
            ],
            [
              29.66709,
              40.96341
            ],
            [
              29.66654,
              40.96373
            ],
            [
              29.66517,
              40.96343
            ],
            [
              29.66386,
              40.96178
            ],
            [
              29.66308,
              40.96192
            ],
            [
              29.66233,
              40.96336
            ],
            [
              29.66018,
              40.96327
            ],
            [
              29.66012,
              40.96267
            ],
            [
              29.6588,
              40.96282
            ],
            [
              29.6589,
              40.96334
            ],
            [
              29.65742,
              40.96391
            ],
            [
              29.65563,
              40.96406
            ],
            [
              29.6553,
              40.96727
            ],
            [
              29.65437,
              40.96832
            ],
            [
              29.65212,
              40.96867
            ],
            [
              29.65178,
              40.9694
            ],
            [
              29.6495,
              40.96856
            ],
            [
              29.64835,
              40.96871
            ],
            [
              29.64656,
              40.97016
            ],
            [
              29.64197,
              40.97087
            ],
            [
              29.63365,
              40.97097
            ],
            [
              29.62102,
              40.97622
            ],
            [
              29.61966,
              40.97816
            ],
            [
              29.61432,
              40.97999
            ],
            [
              29.61365,
              40.98123
            ],
            [
              29.61092,
              40.97998
            ],
            [
              29.60693,
              40.98126
            ],
            [
              29.605,
              40.98395
            ],
            [
              29.60487,
              40.98615
            ],
            [
              29.60687,
              40.99078
            ],
            [
              29.61039,
              40.99247
            ],
            [
              29.61124,
              41.00037
            ],
            [
              29.61018,
              41.00638
            ],
            [
              29.60909,
              41.0074
            ],
            [
              29.60537,
              41.00549
            ],
            [
              29.60342,
              41.00701
            ],
            [
              29.60016,
              41.00351
            ],
            [
              29.59893,
              41.00337
            ],
            [
              29.60011,
              41.00463
            ],
            [
              29.60102,
              41.00763
            ],
            [
              29.60024,
              41.00889
            ],
            [
              29.60013,
              41.01044
            ],
            [
              29.60028,
              41.01086
            ],
            [
              29.6013,
              41.01094
            ],
            [
              29.60106,
              41.01199
            ],
            [
              29.60186,
              41.01247
            ],
            [
              29.60114,
              41.0134
            ],
            [
              29.59972,
              41.01799
            ],
            [
              29.59758,
              41.01956
            ],
            [
              29.59719,
              41.02051
            ],
            [
              29.59818,
              41.02195
            ],
            [
              29.59881,
              41.02526
            ],
            [
              29.59976,
              41.02569
            ],
            [
              29.60026,
              41.02656
            ],
            [
              29.59782,
              41.02847
            ],
            [
              29.5936,
              41.02882
            ],
            [
              29.59235,
              41.0303
            ],
            [
              29.59056,
              41.03089
            ],
            [
              29.58133,
              41.03165
            ],
            [
              29.578,
              41.03256
            ],
            [
              29.57437,
              41.03508
            ],
            [
              29.5735,
              41.03275
            ],
            [
              29.56658,
              41.03458
            ],
            [
              29.56141,
              41.03786
            ],
            [
              29.55806,
              41.03923
            ],
            [
              29.55679,
              41.03824
            ],
            [
              29.55349,
              41.03889
            ],
            [
              29.55182,
              41.03592
            ],
            [
              29.55079,
              41.0354
            ],
            [
              29.54678,
              41.03703
            ],
            [
              29.54548,
              41.03708
            ],
            [
              29.54445,
              41.03544
            ],
            [
              29.54357,
              41.03554
            ],
            [
              29.54248,
              41.03703
            ],
            [
              29.53861,
              41.03682
            ],
            [
              29.53677,
              41.03546
            ],
            [
              29.53731,
              41.03314
            ],
            [
              29.532,
              41.03411
            ],
            [
              29.53031,
              41.03341
            ],
            [
              29.53049,
              41.03192
            ],
            [
              29.5282,
              41.03166
            ],
            [
              29.52707,
              41.03223
            ],
            [
              29.52709,
              41.03379
            ],
            [
              29.52574,
              41.03426
            ],
            [
              29.52722,
              41.03623
            ],
            [
              29.52483,
              41.03756
            ],
            [
              29.52312,
              41.03998
            ],
            [
              29.52355,
              41.04077
            ],
            [
              29.52246,
              41.04213
            ],
            [
              29.5209,
              41.04158
            ],
            [
              29.51754,
              41.04405
            ],
            [
              29.5127,
              41.0423
            ],
            [
              29.51153,
              41.04006
            ],
            [
              29.50987,
              41.04169
            ],
            [
              29.50864,
              41.04165
            ],
            [
              29.50797,
              41.04015
            ],
            [
              29.50793,
              41.03623
            ],
            [
              29.50408,
              41.03267
            ],
            [
              29.50179,
              41.03155
            ],
            [
              29.49976,
              41.0262
            ]
          ]
        ]
      }
    },
    {
      "type": "Feature",
      "properties": {
        "id": 2,
        "area": 0.0005780650960999923
      },
      "geometry": {
        "type": "Polygon",
        "coordinates": [
          [
            [
              29.10732,
              40.8609
            ],
            [
              29.10742,
              40.86145
            ],
            [
              29.11087,
              40.86115
            ],
            [
              29.11454,
              40.8622
            ],
            [
              29.11542,
              40.86449
            ],
            [
              29.11503,
              40.86553
            ],
            [
              29.11424,
              40.86601
            ],
            [
              29.11468,
              40.86617
            ],
            [
              29.11449,
              40.86676
            ],
            [
              29.11394,
              40.86695
            ],
            [
              29.1152,
              40.86855
            ],
            [
              29.1148,
              40.86893
            ],
            [
              29.1153,
              40.86995
            ],
            [
              29.11495,
              40.87046
            ],
            [
              29.11725,
              40.87091
            ],
            [
              29.11801,
              40.8718
            ],
            [
              29.1189,
              40.87137
            ],
            [
              29.12051,
              40.87166
            ],
            [
              29.12169,
              40.87239
            ],
            [
              29.1229,
              40.87241
            ],
            [
              29.12348,
              40.87324
            ],
            [
              29.12921,
              40.8751
            ],
            [
              29.13209,
              40.87467
            ],
            [
              29.13428,
              40.87502
            ],
            [
              29.1354,
              40.87462
            ],
            [
              29.13644,
              40.87311
            ],
            [
              29.13811,
              40.87233
            ],
            [
              29.13914,
              40.87089
            ],
            [
              29.13905,
              40.8698
            ],
            [
              29.13782,
              40.8692
            ],
            [
              29.13696,
              40.86698
            ],
            [
              29.13122,
              40.86059
            ],
            [
              29.1305,
              40.85988
            ],
            [
              29.12873,
              40.85944
            ],
            [
              29.12616,
              40.85734
            ],
            [
              29.12602,
              40.85589
            ],
            [
              29.12551,
              40.85581
            ],
            [
              29.12608,
              40.85566
            ],
            [
              29.12555,
              40.85555
            ],
            [
              29.12519,
              40.85391
            ],
            [
              29.12651,
              40.8484
            ],
            [
              29.12659,
              40.84625
            ],
            [
              29.12429,
              40.84404
            ],
            [
              29.12485,
              40.84306
            ],
            [
              29.12416,
              40.84173
            ],
            [
              29.12514,
              40.83997
            ],
            [
              29.12401,
              40.83764
            ],
            [
              29.12263,
              40.83856
            ],
            [
              29.11919,
              40.83802
            ],
            [
              29.11694,
              40.83863
            ],
            [
              29.11459,
              40.83822
            ],
            [
              29.11273,
              40.83913
            ],
            [
              29.1127,
              40.8401
            ],
            [
              29.11306,
              40.84015
            ],
            [
              29.11228,
              40.84064
            ],
            [
              29.1121,
              40.84165
            ],
            [
              29.10995,
              40.84182
            ],
            [
              29.11103,
              40.84339
            ],
            [
              29.11404,
              40.8449
            ],
            [
              29.11468,
              40.84638
            ],
            [
              29.11288,
              40.85069
            ],
            [
              29.11033,
              40.85339
            ],
            [
              29.11043,
              40.85401
            ],
            [
              29.11191,
              40.85542
            ],
            [
              29.11197,
              40.85722
            ],
            [
              29.11133,
              40.85786
            ],
            [
              29.11278,
              40.85831
            ],
            [
              29.11304,
              40.85969
            ],
            [
              29.11236,
              40.86016
            ],
            [
              29.108,
              40.86036
            ],
            [
              29.10732,
              40.8609
            ]
          ]
        ]
      }
    },
    {
      "type": "Feature",
      "properties": {
        "id": 3,
        "area": 0.0002686211312050255
      },
      "geometry": {
        "type": "Polygon",
        "coordinates": [
          [
            [
              29.07572,
              40.87016
            ],
            [
              29.07613,
              40.8706
            ],
            [
              29.07589,
              40.8719
            ],
            [
              29.07486,
              40.87239
            ],
            [
              29.07603,
              40.87404
            ],
            [
              29.07831,
              40.87572
            ],
            [
              29.08507,
              40.87736
            ],
            [
              29.09001,
              40.88019
            ],
            [
              29.09053,
              40.88153
            ],
            [
              29.08865,
              40.88259
            ],
            [
              29.08883,
              40.88315
            ],
            [
              29.09062,
              40.88321
            ],
            [
              29.09182,
              40.88391
            ],
            [
              29.09189,
              40.88446
            ],
            [
              29.09314,
              40.88482
            ],
            [
              29.09719,
              40.88466
            ],
            [
              29.09869,
              40.88382
            ],
            [
              29.10022,
              40.88121
            ],
            [
              29.09924,
              40.88075
            ],
            [
              29.09927,
              40.88013
            ],
            [
              29.10141,
              40.87679
            ],
            [
              29.10197,
              40.87714
            ],
            [
              29.10151,
              40.87669
            ],
            [
              29.10415,
              40.87401
            ],
            [
              29.10264,
              40.87533
            ],
            [
              29.10217,
              40.87509
            ],
            [
              29.10157,
              40.87446
            ],
            [
              29.10229,
              40.87421
            ],
            [
              29.10187,
              40.87427
            ],
            [
              29.10153,
              40.87355
            ],
            [
              29.10266,
              40.87292
            ],
            [
              29.10399,
              40.87344
            ],
            [
              29.10005,
              40.87183
            ],
            [
              29.09937,
              40.87077
            ],
            [
              29.0977,
              40.86966
            ],
            [
              29.09586,
              40.86961
            ],
            [
              29.09539,
              40.86913
            ],
            [
              29.09197,
              40.86941
            ],
            [
              29.08716,
              40.86807
            ],
            [
              29.08719,
              40.86926
            ],
            [
              29.08841,
              40.86984
            ],
            [
              29.08803,
              40.87084
            ],
            [
              29.08564,
              40.87164
            ],
            [
              29.08328,
              40.8712
            ],
            [
              29.08231,
              40.86981
            ],
            [
              29.08343,
              40.86778
            ],
            [
              29.08322,
              40.86745
            ],
            [
              29.07517,
              40.86854
            ],
            [
              29.07473,
              40.86937
            ],
            [
              29.07572,
              40.87016
            ]
          ]
        ]
      }
    },
    {
      "type": "Feature",
      "properties": {
        "id": 4,
        "area": 0.00015697826955494577
      },
      "geometry": {
        "type": "Polygon",
        "coordinates": [
          [
            [
              29.05362,
              40.87894
            ],
            [
              29.05427,
              40.8796
            ],
            [
              29.05402,
              40.8803
            ],
            [
              29.05472,
              40.88127
            ],
            [
              29.05742,
              40.88304
            ],
            [
              29.05685,
              40.88526
            ],
            [
              29.05552,
              40.88623
            ],
            [
              29.05633,
              40.88675
            ],
            [
              29.05766,
              40.8861
            ],
            [
              29.05999,
              40.88643
            ],
            [
              29.06081,
              40.88527
            ],
            [
              29.06264,
              40.88554
            ],
            [
              29.06954,
              40.88459
            ],
            [
              29.06967,
              40.88374
            ],
            [
              29.06888,
              40.88224
            ],
            [
              29.06983,
              40.88128
            ],
            [
              29.07077,
              40.88107
            ],
            [
              29.06981,
              40.88104
            ],
            [
              29.06972,
              40.8804
            ],
            [
              29.07247,
              40.87913
            ],
            [
              29.07092,
              40.87915
            ],
            [
              29.0712,
              40.87884
            ],
            [
              29.0706,
              40.87876
            ],
            [
              29.06921,
              40.87651
            ],
            [
              29.06723,
              40.87503
            ],
            [
              29.06306,
              40.87386
            ],
            [
              29.06103,
              40.87487
            ],
            [
              29.05628,
              40.87522
            ],
            [
              29.05357,
              40.87636
            ],
            [
              29.05316,
              40.87801
            ],
            [
              29.05227,
              40.87822
            ],
            [
              29.05362,
              40.87894
            ]
          ]
        ]
      }
    },
    {
      "type": "Feature",
      "properties": {
        "id": 5,
        "area": 0.00014705937268499688
      },
      "geometry": {
        "type": "Polygon",
        "coordinates": [
          [
            [
              29.04047,
              40.91302
            ],
            [
              29.04209,
              40.91317
            ],
            [
              29.04332,
              40.91389
            ],
            [
              29.05119,
              40.91447
            ],
            [
              29.05032,
              40.91415
            ],
            [
              29.05307,
              40.9135
            ],
            [
              29.05597,
              40.91076
            ],
            [
              29.05602,
              40.90995
            ],
            [
              29.05538,
              40.91007
            ],
            [
              29.05582,
              40.90951
            ],
            [
              29.05539,
              40.90916
            ],
            [
              29.05728,
              40.90664
            ],
            [
              29.05678,
              40.90638
            ],
            [
              29.05693,
              40.90543
            ],
            [
              29.05374,
              40.90315
            ],
            [
              29.05267,
              40.9034
            ],
            [
              29.05029,
              40.90264
            ],
            [
              29.04551,
              40.90256
            ],
            [
              29.04506,
              40.90393
            ],
            [
              29.04599,
              40.90458
            ],
            [
              29.04584,
              40.90535
            ],
            [
              29.04231,
              40.90726
            ],
            [
              29.03964,
              40.91048
            ],
            [
              29.03917,
              40.91184
            ],
            [
              29.04047,
              40.91302
            ]
          ]
        ]
      }
    }
  ]
}